// Validating benchmarks:
// ***** BenchmarkRunner: Start   *****
// ***** Found 32 benchmark(s) in total *****
// ***** Building 1 exe(s) in Parallel: Start   *****
// start dotnet  restore /p:UseSharedCompilation=false /p:BuildInParallel=false /m:1 /p:Deterministic=true /p:Optimize=true /p:IntermediateOutputPath="C:\Users\maxli\ConsoleEngine\src\ConsoleEngine.Benchmarks\bin\Release\net8.0\aa0c72c8-782f-4e5d-b357-a1c5d5f4f806\obj\Release\net8.0/" /p:OutDir="C:\Users\maxli\ConsoleEngine\src\ConsoleEngine.Benchmarks\bin\Release\net8.0\aa0c72c8-782f-4e5d-b357-a1c5d5f4f806\bin\Release\net8.0/" /p:OutputPath="C:\Users\maxli\ConsoleEngine\src\ConsoleEngine.Benchmarks\bin\Release\net8.0\aa0c72c8-782f-4e5d-b357-a1c5d5f4f806\bin\Release\net8.0/" in C:\Users\maxli\ConsoleEngine\src\ConsoleEngine.Benchmarks\bin\Release\net8.0\aa0c72c8-782f-4e5d-b357-a1c5d5f4f806
// command took 2.87 sec and exited with 0
// start dotnet  build -c Release --no-restore /p:UseSharedCompilation=false /p:BuildInParallel=false /m:1 /p:Deterministic=true /p:Optimize=true /p:IntermediateOutputPath="C:\Users\maxli\ConsoleEngine\src\ConsoleEngine.Benchmarks\bin\Release\net8.0\aa0c72c8-782f-4e5d-b357-a1c5d5f4f806\obj\Release\net8.0/" /p:OutDir="C:\Users\maxli\ConsoleEngine\src\ConsoleEngine.Benchmarks\bin\Release\net8.0\aa0c72c8-782f-4e5d-b357-a1c5d5f4f806\bin\Release\net8.0/" /p:OutputPath="C:\Users\maxli\ConsoleEngine\src\ConsoleEngine.Benchmarks\bin\Release\net8.0\aa0c72c8-782f-4e5d-b357-a1c5d5f4f806\bin\Release\net8.0/" --output "C:\Users\maxli\ConsoleEngine\src\ConsoleEngine.Benchmarks\bin\Release\net8.0\aa0c72c8-782f-4e5d-b357-a1c5d5f4f806\bin\Release\net8.0/" in C:\Users\maxli\ConsoleEngine\src\ConsoleEngine.Benchmarks\bin\Release\net8.0\aa0c72c8-782f-4e5d-b357-a1c5d5f4f806
// command took 24.6 sec and exited with 0
// ***** Done, took 00:00:27 (27.6 sec)   *****
// Found 16 benchmarks:
//   FlagStoreBenchmarks.ToJson: .NET 8.0(Runtime=.NET 8.0) [FlagCount=10]
//   FlagStoreBenchmarks.FromJson: .NET 8.0(Runtime=.NET 8.0) [FlagCount=10]
//   FlagStoreBenchmarks.Get_AllFlags: .NET 8.0(Runtime=.NET 8.0) [FlagCount=10]
//   FlagStoreBenchmarks.Set_AllFlags: .NET 8.0(Runtime=.NET 8.0) [FlagCount=10]
//   FlagStoreBenchmarks.ToJson: .NET 8.0(Runtime=.NET 8.0) [FlagCount=100]
//   FlagStoreBenchmarks.FromJson: .NET 8.0(Runtime=.NET 8.0) [FlagCount=100]
//   FlagStoreBenchmarks.Get_AllFlags: .NET 8.0(Runtime=.NET 8.0) [FlagCount=100]
//   FlagStoreBenchmarks.Set_AllFlags: .NET 8.0(Runtime=.NET 8.0) [FlagCount=100]
//   FlagStoreBenchmarks.ToJson: .NET 8.0(Runtime=.NET 8.0) [FlagCount=1000]
//   FlagStoreBenchmarks.FromJson: .NET 8.0(Runtime=.NET 8.0) [FlagCount=1000]
//   FlagStoreBenchmarks.Get_AllFlags: .NET 8.0(Runtime=.NET 8.0) [FlagCount=1000]
//   FlagStoreBenchmarks.Set_AllFlags: .NET 8.0(Runtime=.NET 8.0) [FlagCount=1000]
//   FlagStoreBenchmarks.ToJson: .NET 8.0(Runtime=.NET 8.0) [FlagCount=10000]
//   FlagStoreBenchmarks.FromJson: .NET 8.0(Runtime=.NET 8.0) [FlagCount=10000]
//   FlagStoreBenchmarks.Get_AllFlags: .NET 8.0(Runtime=.NET 8.0) [FlagCount=10000]
//   FlagStoreBenchmarks.Set_AllFlags: .NET 8.0(Runtime=.NET 8.0) [FlagCount=10000]

Setup power plan (GUID: 8c5e7fda-e8bf-4a96-9a85-a6e23a8c635c FriendlyName: Alto rendimiento)
// **************************
// Benchmark: FlagStoreBenchmarks.ToJson: .NET 8.0(Runtime=.NET 8.0) [FlagCount=10]
// *** Execute ***
// Launch: 1 / 1
// Execute: dotnet aa0c72c8-782f-4e5d-b357-a1c5d5f4f806.dll --anonymousPipes 2320 1360 --benchmarkName "ConsoleEngine.Benchmarks.FlagStoreBenchmarks.ToJson(FlagCount: 10)" --job ".NET 8.0" --benchmarkId 0 in C:\Users\maxli\ConsoleEngine\src\ConsoleEngine.Benchmarks\bin\Release\net8.0\aa0c72c8-782f-4e5d-b357-a1c5d5f4f806\bin\Release\net8.0
// BeforeAnythingElse

// Benchmark Process Environment Information:
// BenchmarkDotNet v0.14.0
// Runtime=.NET 8.0.22 (8.0.2225.52707), X64 RyuJIT AVX2
// GC=Concurrent Workstation
// HardwareIntrinsics=AVX2,AES,BMI1,BMI2,FMA,LZCNT,PCLMUL,POPCNT,AvxVnni,SERIALIZE VectorSize=256
// Job: .NET 8.0

OverheadJitting  1: 1 op, 177500.00 ns, 177.5000 us/op
WorkloadJitting  1: 1 op, 176800.00 ns, 176.8000 us/op

OverheadJitting  2: 16 op, 265700.00 ns, 16.6063 us/op
WorkloadJitting  2: 16 op, 487300.00 ns, 30.4563 us/op

WorkloadPilot    1: 16 op, 43600.00 ns, 2.7250 us/op
WorkloadPilot    2: 32 op, 72700.00 ns, 2.2719 us/op
WorkloadPilot    3: 64 op, 115500.00 ns, 1.8047 us/op
WorkloadPilot    4: 128 op, 213700.00 ns, 1.6695 us/op
WorkloadPilot    5: 256 op, 420800.00 ns, 1.6438 us/op
WorkloadPilot    6: 512 op, 799200.00 ns, 1.5609 us/op
WorkloadPilot    7: 1024 op, 1534400.00 ns, 1.4984 us/op
WorkloadPilot    8: 2048 op, 3075400.00 ns, 1.5017 us/op
WorkloadPilot    9: 4096 op, 6006100.00 ns, 1.4663 us/op
WorkloadPilot   10: 8192 op, 12923500.00 ns, 1.5776 us/op
WorkloadPilot   11: 16384 op, 24345200.00 ns, 1.4859 us/op
WorkloadPilot   12: 32768 op, 48039600.00 ns, 1.4661 us/op
WorkloadPilot   13: 65536 op, 100291400.00 ns, 1.5303 us/op
WorkloadPilot   14: 131072 op, 99077100.00 ns, 755.8983 ns/op
WorkloadPilot   15: 262144 op, 82536500.00 ns, 314.8518 ns/op
WorkloadPilot   16: 524288 op, 165364900.00 ns, 315.4085 ns/op
WorkloadPilot   17: 1048576 op, 313695100.00 ns, 299.1630 ns/op
WorkloadPilot   18: 2097152 op, 655248300.00 ns, 312.4467 ns/op

OverheadWarmup   1: 2097152 op, 3727800.00 ns, 1.7776 ns/op
OverheadWarmup   2: 2097152 op, 3748400.00 ns, 1.7874 ns/op
OverheadWarmup   3: 2097152 op, 3765300.00 ns, 1.7954 ns/op
OverheadWarmup   4: 2097152 op, 3742700.00 ns, 1.7847 ns/op
OverheadWarmup   5: 2097152 op, 3753000.00 ns, 1.7896 ns/op
OverheadWarmup   6: 2097152 op, 3758300.00 ns, 1.7921 ns/op
OverheadWarmup   7: 2097152 op, 3723600.00 ns, 1.7756 ns/op

OverheadActual   1: 2097152 op, 3725400.00 ns, 1.7764 ns/op
OverheadActual   2: 2097152 op, 3744900.00 ns, 1.7857 ns/op
OverheadActual   3: 2097152 op, 3722000.00 ns, 1.7748 ns/op
OverheadActual   4: 2097152 op, 3719500.00 ns, 1.7736 ns/op
OverheadActual   5: 2097152 op, 3726100.00 ns, 1.7767 ns/op
OverheadActual   6: 2097152 op, 3723200.00 ns, 1.7754 ns/op
OverheadActual   7: 2097152 op, 3719800.00 ns, 1.7737 ns/op
OverheadActual   8: 2097152 op, 3723900.00 ns, 1.7757 ns/op
OverheadActual   9: 2097152 op, 3716000.00 ns, 1.7719 ns/op
OverheadActual  10: 2097152 op, 3727600.00 ns, 1.7775 ns/op
OverheadActual  11: 2097152 op, 3723900.00 ns, 1.7757 ns/op
OverheadActual  12: 2097152 op, 3733600.00 ns, 1.7803 ns/op
OverheadActual  13: 2097152 op, 3722800.00 ns, 1.7752 ns/op
OverheadActual  14: 2097152 op, 3783200.00 ns, 1.8040 ns/op
OverheadActual  15: 2097152 op, 3746200.00 ns, 1.7863 ns/op

WorkloadWarmup   1: 2097152 op, 622601200.00 ns, 296.8794 ns/op
WorkloadWarmup   2: 2097152 op, 656331700.00 ns, 312.9633 ns/op
WorkloadWarmup   3: 2097152 op, 655837100.00 ns, 312.7275 ns/op
WorkloadWarmup   4: 2097152 op, 658258300.00 ns, 313.8820 ns/op
WorkloadWarmup   5: 2097152 op, 650258600.00 ns, 310.0675 ns/op
WorkloadWarmup   6: 2097152 op, 656693900.00 ns, 313.1361 ns/op

// BeforeActualRun
WorkloadActual   1: 2097152 op, 631824500.00 ns, 301.2774 ns/op
WorkloadActual   2: 2097152 op, 643075400.00 ns, 306.6422 ns/op
WorkloadActual   3: 2097152 op, 618034100.00 ns, 294.7016 ns/op
WorkloadActual   4: 2097152 op, 619929900.00 ns, 295.6056 ns/op
WorkloadActual   5: 2097152 op, 610481800.00 ns, 291.1004 ns/op
WorkloadActual   6: 2097152 op, 644180500.00 ns, 307.1692 ns/op
WorkloadActual   7: 2097152 op, 629866900.00 ns, 300.3439 ns/op
WorkloadActual   8: 2097152 op, 612271300.00 ns, 291.9537 ns/op
WorkloadActual   9: 2097152 op, 625446700.00 ns, 298.2362 ns/op
WorkloadActual  10: 2097152 op, 650336200.00 ns, 310.1045 ns/op
WorkloadActual  11: 2097152 op, 646689200.00 ns, 308.3654 ns/op
WorkloadActual  12: 2097152 op, 627136600.00 ns, 299.0420 ns/op
WorkloadActual  13: 2097152 op, 611631900.00 ns, 291.6488 ns/op
WorkloadActual  14: 2097152 op, 616626100.00 ns, 294.0302 ns/op
WorkloadActual  15: 2097152 op, 639748200.00 ns, 305.0557 ns/op
WorkloadActual  16: 2097152 op, 634228000.00 ns, 302.4235 ns/op
WorkloadActual  17: 2097152 op, 626682700.00 ns, 298.8256 ns/op

// AfterActualRun
WorkloadResult   1: 2097152 op, 628100600.00 ns, 299.5017 ns/op
WorkloadResult   2: 2097152 op, 639351500.00 ns, 304.8666 ns/op
WorkloadResult   3: 2097152 op, 614310200.00 ns, 292.9259 ns/op
WorkloadResult   4: 2097152 op, 616206000.00 ns, 293.8299 ns/op
WorkloadResult   5: 2097152 op, 606757900.00 ns, 289.3247 ns/op
WorkloadResult   6: 2097152 op, 640456600.00 ns, 305.3935 ns/op
WorkloadResult   7: 2097152 op, 626143000.00 ns, 298.5682 ns/op
WorkloadResult   8: 2097152 op, 608547400.00 ns, 290.1780 ns/op
WorkloadResult   9: 2097152 op, 621722800.00 ns, 296.4605 ns/op
WorkloadResult  10: 2097152 op, 646612300.00 ns, 308.3288 ns/op
WorkloadResult  11: 2097152 op, 642965300.00 ns, 306.5897 ns/op
WorkloadResult  12: 2097152 op, 623412700.00 ns, 297.2663 ns/op
WorkloadResult  13: 2097152 op, 607908000.00 ns, 289.8731 ns/op
WorkloadResult  14: 2097152 op, 612902200.00 ns, 292.2545 ns/op
WorkloadResult  15: 2097152 op, 636024300.00 ns, 303.2800 ns/op
WorkloadResult  16: 2097152 op, 630504100.00 ns, 300.6478 ns/op
WorkloadResult  17: 2097152 op, 622958800.00 ns, 297.0499 ns/op
// GC:  69 0 0 1090519776 2097152
// Threading:  0 0 2097152

// AfterAll
// Benchmark Process 14256 has exited with code 0.

Mean = 298.020 ns, StdErr = 1.488 ns (0.50%), N = 17, StdDev = 6.135 ns
Min = 289.325 ns, Q1 = 292.926 ns, Median = 297.266 ns, Q3 = 303.280 ns, Max = 308.329 ns
IQR = 10.354 ns, LowerFence = 277.395 ns, UpperFence = 318.811 ns
ConfidenceInterval = [292.046 ns; 303.994 ns] (CI 99.9%), Margin = 5.974 ns (2.00% of Mean)
Skewness = 0.14, Kurtosis = 1.61, MValue = 2

// ** Remained 31 (96,9 %) benchmark(s) to run. Estimated finish 2026-05-29 20:48 (0h 8m from now) **
Setup power plan (GUID: 8c5e7fda-e8bf-4a96-9a85-a6e23a8c635c FriendlyName: Alto rendimiento)
// **************************
// Benchmark: FlagStoreBenchmarks.FromJson: .NET 8.0(Runtime=.NET 8.0) [FlagCount=10]
// *** Execute ***
// Launch: 1 / 1
// Execute: dotnet aa0c72c8-782f-4e5d-b357-a1c5d5f4f806.dll --anonymousPipes 1268 2280 --benchmarkName "ConsoleEngine.Benchmarks.FlagStoreBenchmarks.FromJson(FlagCount: 10)" --job ".NET 8.0" --benchmarkId 1 in C:\Users\maxli\ConsoleEngine\src\ConsoleEngine.Benchmarks\bin\Release\net8.0\aa0c72c8-782f-4e5d-b357-a1c5d5f4f806\bin\Release\net8.0
// BeforeAnythingElse

// Benchmark Process Environment Information:
// BenchmarkDotNet v0.14.0
// Runtime=.NET 8.0.22 (8.0.2225.52707), X64 RyuJIT AVX2
// GC=Concurrent Workstation
// HardwareIntrinsics=AVX2,AES,BMI1,BMI2,FMA,LZCNT,PCLMUL,POPCNT,AvxVnni,SERIALIZE VectorSize=256
// Job: .NET 8.0

OverheadJitting  1: 1 op, 178600.00 ns, 178.6000 us/op
WorkloadJitting  1: 1 op, 1659300.00 ns, 1.6593 ms/op

OverheadJitting  2: 16 op, 255800.00 ns, 15.9875 us/op
WorkloadJitting  2: 16 op, 435300.00 ns, 27.2063 us/op

WorkloadPilot    1: 16 op, 144000.00 ns, 9.0000 us/op
WorkloadPilot    2: 32 op, 265200.00 ns, 8.2875 us/op
WorkloadPilot    3: 64 op, 487800.00 ns, 7.6219 us/op
WorkloadPilot    4: 128 op, 898300.00 ns, 7.0180 us/op
WorkloadPilot    5: 256 op, 1894100.00 ns, 7.3988 us/op
WorkloadPilot    6: 512 op, 4030000.00 ns, 7.8711 us/op
WorkloadPilot    7: 1024 op, 7946800.00 ns, 7.7605 us/op
WorkloadPilot    8: 2048 op, 14927700.00 ns, 7.2889 us/op
WorkloadPilot    9: 4096 op, 29220500.00 ns, 7.1339 us/op
WorkloadPilot   10: 8192 op, 51682400.00 ns, 6.3089 us/op
WorkloadPilot   11: 16384 op, 84883000.00 ns, 5.1808 us/op
WorkloadPilot   12: 32768 op, 112056100.00 ns, 3.4197 us/op
WorkloadPilot   13: 65536 op, 84591800.00 ns, 1.2908 us/op
WorkloadPilot   14: 131072 op, 179364100.00 ns, 1.3684 us/op
WorkloadPilot   15: 262144 op, 338114200.00 ns, 1.2898 us/op
WorkloadPilot   16: 524288 op, 671480500.00 ns, 1.2807 us/op

OverheadWarmup   1: 524288 op, 1024200.00 ns, 1.9535 ns/op
OverheadWarmup   2: 524288 op, 1023200.00 ns, 1.9516 ns/op
OverheadWarmup   3: 524288 op, 1027800.00 ns, 1.9604 ns/op
OverheadWarmup   4: 524288 op, 1033400.00 ns, 1.9711 ns/op
OverheadWarmup   5: 524288 op, 1038000.00 ns, 1.9798 ns/op
OverheadWarmup   6: 524288 op, 1024200.00 ns, 1.9535 ns/op
OverheadWarmup   7: 524288 op, 1028000.00 ns, 1.9608 ns/op
OverheadWarmup   8: 524288 op, 1031300.00 ns, 1.9670 ns/op
OverheadWarmup   9: 524288 op, 1021200.00 ns, 1.9478 ns/op

OverheadActual   1: 524288 op, 1028500.00 ns, 1.9617 ns/op
OverheadActual   2: 524288 op, 1034500.00 ns, 1.9732 ns/op
OverheadActual   3: 524288 op, 1022900.00 ns, 1.9510 ns/op
OverheadActual   4: 524288 op, 1021800.00 ns, 1.9489 ns/op
OverheadActual   5: 524288 op, 1024500.00 ns, 1.9541 ns/op
OverheadActual   6: 524288 op, 1069700.00 ns, 2.0403 ns/op
OverheadActual   7: 524288 op, 1060900.00 ns, 2.0235 ns/op
OverheadActual   8: 524288 op, 1037200.00 ns, 1.9783 ns/op
OverheadActual   9: 524288 op, 1029000.00 ns, 1.9627 ns/op
OverheadActual  10: 524288 op, 1436200.00 ns, 2.7393 ns/op
OverheadActual  11: 524288 op, 1089900.00 ns, 2.0788 ns/op
OverheadActual  12: 524288 op, 1033800.00 ns, 1.9718 ns/op
OverheadActual  13: 524288 op, 1150300.00 ns, 2.1940 ns/op
OverheadActual  14: 524288 op, 1218700.00 ns, 2.3245 ns/op
OverheadActual  15: 524288 op, 1034000.00 ns, 1.9722 ns/op

WorkloadWarmup   1: 524288 op, 725455000.00 ns, 1.3837 us/op
WorkloadWarmup   2: 524288 op, 723750800.00 ns, 1.3804 us/op
WorkloadWarmup   3: 524288 op, 689112300.00 ns, 1.3144 us/op
WorkloadWarmup   4: 524288 op, 684854200.00 ns, 1.3063 us/op
WorkloadWarmup   5: 524288 op, 715825100.00 ns, 1.3653 us/op
WorkloadWarmup   6: 524288 op, 695117000.00 ns, 1.3258 us/op
WorkloadWarmup   7: 524288 op, 713171700.00 ns, 1.3603 us/op
WorkloadWarmup   8: 524288 op, 691101900.00 ns, 1.3182 us/op

// BeforeActualRun
WorkloadActual   1: 524288 op, 724116100.00 ns, 1.3811 us/op
WorkloadActual   2: 524288 op, 703123700.00 ns, 1.3411 us/op
WorkloadActual   3: 524288 op, 715695400.00 ns, 1.3651 us/op
WorkloadActual   4: 524288 op, 690810600.00 ns, 1.3176 us/op
WorkloadActual   5: 524288 op, 715534300.00 ns, 1.3648 us/op
WorkloadActual   6: 524288 op, 716601000.00 ns, 1.3668 us/op
WorkloadActual   7: 524288 op, 705581300.00 ns, 1.3458 us/op
WorkloadActual   8: 524288 op, 673830000.00 ns, 1.2852 us/op
WorkloadActual   9: 524288 op, 686946400.00 ns, 1.3102 us/op
WorkloadActual  10: 524288 op, 712919700.00 ns, 1.3598 us/op
WorkloadActual  11: 524288 op, 691466200.00 ns, 1.3189 us/op
WorkloadActual  12: 524288 op, 684116600.00 ns, 1.3048 us/op
WorkloadActual  13: 524288 op, 677421200.00 ns, 1.2921 us/op
WorkloadActual  14: 524288 op, 688476000.00 ns, 1.3132 us/op
WorkloadActual  15: 524288 op, 720331700.00 ns, 1.3739 us/op
WorkloadActual  16: 524288 op, 725477300.00 ns, 1.3837 us/op
WorkloadActual  17: 524288 op, 709660800.00 ns, 1.3536 us/op
WorkloadActual  18: 524288 op, 699891400.00 ns, 1.3349 us/op
WorkloadActual  19: 524288 op, 679158800.00 ns, 1.2954 us/op
WorkloadActual  20: 524288 op, 704957700.00 ns, 1.3446 us/op
WorkloadActual  21: 524288 op, 680813500.00 ns, 1.2985 us/op

// AfterActualRun
WorkloadResult   1: 524288 op, 723081600.00 ns, 1.3792 us/op
WorkloadResult   2: 524288 op, 702089200.00 ns, 1.3391 us/op
WorkloadResult   3: 524288 op, 714660900.00 ns, 1.3631 us/op
WorkloadResult   4: 524288 op, 689776100.00 ns, 1.3156 us/op
WorkloadResult   5: 524288 op, 714499800.00 ns, 1.3628 us/op
WorkloadResult   6: 524288 op, 715566500.00 ns, 1.3648 us/op
WorkloadResult   7: 524288 op, 704546800.00 ns, 1.3438 us/op
WorkloadResult   8: 524288 op, 672795500.00 ns, 1.2833 us/op
WorkloadResult   9: 524288 op, 685911900.00 ns, 1.3083 us/op
WorkloadResult  10: 524288 op, 711885200.00 ns, 1.3578 us/op
WorkloadResult  11: 524288 op, 690431700.00 ns, 1.3169 us/op
WorkloadResult  12: 524288 op, 683082100.00 ns, 1.3029 us/op
WorkloadResult  13: 524288 op, 676386700.00 ns, 1.2901 us/op
WorkloadResult  14: 524288 op, 687441500.00 ns, 1.3112 us/op
WorkloadResult  15: 524288 op, 719297200.00 ns, 1.3720 us/op
WorkloadResult  16: 524288 op, 724442800.00 ns, 1.3818 us/op
WorkloadResult  17: 524288 op, 708626300.00 ns, 1.3516 us/op
WorkloadResult  18: 524288 op, 698856900.00 ns, 1.3330 us/op
WorkloadResult  19: 524288 op, 678124300.00 ns, 1.2934 us/op
WorkloadResult  20: 524288 op, 703923200.00 ns, 1.3426 us/op
WorkloadResult  21: 524288 op, 679779000.00 ns, 1.2966 us/op
// GC:  133 1 0 2092958432 524288
// Threading:  0 0 524288

// AfterAll
// Benchmark Process 17976 has exited with code 0.

Mean = 1.334 μs, StdErr = 0.007 μs (0.51%), N = 21, StdDev = 0.031 μs
Min = 1.283 μs, Q1 = 1.308 μs, Median = 1.339 μs, Q3 = 1.363 μs, Max = 1.382 μs
IQR = 0.055 μs, LowerFence = 1.226 μs, UpperFence = 1.445 μs
ConfidenceInterval = [1.307 μs; 1.360 μs] (CI 99.9%), Margin = 0.026 μs (1.98% of Mean)
Skewness = -0.06, Kurtosis = 1.51, MValue = 2

// ** Remained 30 (93,8 %) benchmark(s) to run. Estimated finish 2026-05-29 20:49 (0h 10m from now) **
Setup power plan (GUID: 8c5e7fda-e8bf-4a96-9a85-a6e23a8c635c FriendlyName: Alto rendimiento)
// **************************
// Benchmark: FlagStoreBenchmarks.Get_AllFlags: .NET 8.0(Runtime=.NET 8.0) [FlagCount=10]
// *** Execute ***
// Launch: 1 / 1
// Execute: dotnet aa0c72c8-782f-4e5d-b357-a1c5d5f4f806.dll --anonymousPipes 2400 2136 --benchmarkName "ConsoleEngine.Benchmarks.FlagStoreBenchmarks.Get_AllFlags(FlagCount: 10)" --job ".NET 8.0" --benchmarkId 2 in C:\Users\maxli\ConsoleEngine\src\ConsoleEngine.Benchmarks\bin\Release\net8.0\aa0c72c8-782f-4e5d-b357-a1c5d5f4f806\bin\Release\net8.0
// BeforeAnythingElse

// Benchmark Process Environment Information:
// BenchmarkDotNet v0.14.0
// Runtime=.NET 8.0.22 (8.0.2225.52707), X64 RyuJIT AVX2
// GC=Concurrent Workstation
// HardwareIntrinsics=AVX2,AES,BMI1,BMI2,FMA,LZCNT,PCLMUL,POPCNT,AvxVnni,SERIALIZE VectorSize=256
// Job: .NET 8.0

OverheadJitting  1: 1 op, 172700.00 ns, 172.7000 us/op
WorkloadJitting  1: 1 op, 1549000.00 ns, 1.5490 ms/op

OverheadJitting  2: 16 op, 101800.00 ns, 6.3625 us/op
WorkloadJitting  2: 16 op, 168900.00 ns, 10.5563 us/op

WorkloadPilot    1: 16 op, 66800.00 ns, 4.1750 us/op
WorkloadPilot    2: 32 op, 244300.00 ns, 7.6344 us/op
WorkloadPilot    3: 64 op, 216400.00 ns, 3.3813 us/op
WorkloadPilot    4: 128 op, 464000.00 ns, 3.6250 us/op
WorkloadPilot    5: 256 op, 1046400.00 ns, 4.0875 us/op
WorkloadPilot    6: 512 op, 1682700.00 ns, 3.2865 us/op
WorkloadPilot    7: 1024 op, 3493600.00 ns, 3.4117 us/op
WorkloadPilot    8: 2048 op, 7059200.00 ns, 3.4469 us/op
WorkloadPilot    9: 4096 op, 13930600.00 ns, 3.4010 us/op
WorkloadPilot   10: 8192 op, 28266700.00 ns, 3.4505 us/op
WorkloadPilot   11: 16384 op, 52694100.00 ns, 3.2162 us/op
WorkloadPilot   12: 32768 op, 107725200.00 ns, 3.2875 us/op
WorkloadPilot   13: 65536 op, 165099700.00 ns, 2.5192 us/op
WorkloadPilot   14: 131072 op, 93614000.00 ns, 714.2181 ns/op
WorkloadPilot   15: 262144 op, 178669200.00 ns, 681.5689 ns/op
WorkloadPilot   16: 524288 op, 357763500.00 ns, 682.3797 ns/op
WorkloadPilot   17: 1048576 op, 716008300.00 ns, 682.8387 ns/op

OverheadWarmup   1: 1048576 op, 1391200.00 ns, 1.3268 ns/op
OverheadWarmup   2: 1048576 op, 1396600.00 ns, 1.3319 ns/op
OverheadWarmup   3: 1048576 op, 1378600.00 ns, 1.3147 ns/op
OverheadWarmup   4: 1048576 op, 1573700.00 ns, 1.5008 ns/op
OverheadWarmup   5: 1048576 op, 1341900.00 ns, 1.2797 ns/op

OverheadActual   1: 1048576 op, 1324900.00 ns, 1.2635 ns/op
OverheadActual   2: 1048576 op, 1501100.00 ns, 1.4316 ns/op
OverheadActual   3: 1048576 op, 1355800.00 ns, 1.2930 ns/op
OverheadActual   4: 1048576 op, 1356200.00 ns, 1.2934 ns/op
OverheadActual   5: 1048576 op, 1364600.00 ns, 1.3014 ns/op
OverheadActual   6: 1048576 op, 1396300.00 ns, 1.3316 ns/op
OverheadActual   7: 1048576 op, 1370800.00 ns, 1.3073 ns/op
OverheadActual   8: 1048576 op, 1355300.00 ns, 1.2925 ns/op
OverheadActual   9: 1048576 op, 1355700.00 ns, 1.2929 ns/op
OverheadActual  10: 1048576 op, 1353900.00 ns, 1.2912 ns/op
OverheadActual  11: 1048576 op, 1623600.00 ns, 1.5484 ns/op
OverheadActual  12: 1048576 op, 1633500.00 ns, 1.5578 ns/op
OverheadActual  13: 1048576 op, 1413500.00 ns, 1.3480 ns/op
OverheadActual  14: 1048576 op, 1390800.00 ns, 1.3264 ns/op
OverheadActual  15: 1048576 op, 1366300.00 ns, 1.3030 ns/op

WorkloadWarmup   1: 1048576 op, 718998500.00 ns, 685.6904 ns/op
WorkloadWarmup   2: 1048576 op, 718489900.00 ns, 685.2054 ns/op
WorkloadWarmup   3: 1048576 op, 761245100.00 ns, 725.9799 ns/op
WorkloadWarmup   4: 1048576 op, 769569000.00 ns, 733.9182 ns/op
WorkloadWarmup   5: 1048576 op, 734812200.00 ns, 700.7715 ns/op
WorkloadWarmup   6: 1048576 op, 772377700.00 ns, 736.5968 ns/op
WorkloadWarmup   7: 1048576 op, 769910800.00 ns, 734.2442 ns/op

// BeforeActualRun
WorkloadActual   1: 1048576 op, 735778600.00 ns, 701.6932 ns/op
WorkloadActual   2: 1048576 op, 797450700.00 ns, 760.5083 ns/op
WorkloadActual   3: 1048576 op, 774764000.00 ns, 738.8725 ns/op
WorkloadActual   4: 1048576 op, 929114800.00 ns, 886.0729 ns/op
WorkloadActual   5: 1048576 op, 942860700.00 ns, 899.1820 ns/op
WorkloadActual   6: 1048576 op, 939703900.00 ns, 896.1715 ns/op
WorkloadActual   7: 1048576 op, 938549100.00 ns, 895.0702 ns/op
WorkloadActual   8: 1048576 op, 940927600.00 ns, 897.3385 ns/op
WorkloadActual   9: 1048576 op, 941198200.00 ns, 897.5965 ns/op
WorkloadActual  10: 1048576 op, 943934200.00 ns, 900.2058 ns/op
WorkloadActual  11: 1048576 op, 939301800.00 ns, 895.7880 ns/op
WorkloadActual  12: 1048576 op, 942856800.00 ns, 899.1783 ns/op
WorkloadActual  13: 1048576 op, 941282300.00 ns, 897.6768 ns/op
WorkloadActual  14: 1048576 op, 943489700.00 ns, 899.7819 ns/op
WorkloadActual  15: 1048576 op, 939269500.00 ns, 895.7572 ns/op
WorkloadActual  16: 1048576 op, 942650200.00 ns, 898.9813 ns/op
WorkloadActual  17: 1048576 op, 938975500.00 ns, 895.4768 ns/op
WorkloadActual  18: 1048576 op, 941782100.00 ns, 898.1534 ns/op
WorkloadActual  19: 1048576 op, 944122700.00 ns, 900.3856 ns/op
WorkloadActual  20: 1048576 op, 939899600.00 ns, 896.3581 ns/op
WorkloadActual  21: 1048576 op, 942734700.00 ns, 899.0619 ns/op
WorkloadActual  22: 1048576 op, 941035700.00 ns, 897.4416 ns/op
WorkloadActual  23: 1048576 op, 946374200.00 ns, 902.5328 ns/op
WorkloadActual  24: 1048576 op, 942183100.00 ns, 898.5358 ns/op
WorkloadActual  25: 1048576 op, 945461600.00 ns, 901.6624 ns/op
WorkloadActual  26: 1048576 op, 946553300.00 ns, 902.7036 ns/op
WorkloadActual  27: 1048576 op, 935096300.00 ns, 891.7773 ns/op
WorkloadActual  28: 1048576 op, 941680900.00 ns, 898.0569 ns/op
WorkloadActual  29: 1048576 op, 948754600.00 ns, 904.8029 ns/op
WorkloadActual  30: 1048576 op, 950314000.00 ns, 906.2901 ns/op
WorkloadActual  31: 1048576 op, 948735300.00 ns, 904.7845 ns/op
WorkloadActual  32: 1048576 op, 945950600.00 ns, 902.1288 ns/op
WorkloadActual  33: 1048576 op, 943233900.00 ns, 899.5379 ns/op
WorkloadActual  34: 1048576 op, 947528100.00 ns, 903.6332 ns/op
WorkloadActual  35: 1048576 op, 946778400.00 ns, 902.9182 ns/op
WorkloadActual  36: 1048576 op, 945426400.00 ns, 901.6289 ns/op
WorkloadActual  37: 1048576 op, 948299200.00 ns, 904.3686 ns/op
WorkloadActual  38: 1048576 op, 948025600.00 ns, 904.1077 ns/op
WorkloadActual  39: 1048576 op, 947270900.00 ns, 903.3879 ns/op
WorkloadActual  40: 1048576 op, 947025900.00 ns, 903.1543 ns/op
WorkloadActual  41: 1048576 op, 944928600.00 ns, 901.1541 ns/op
WorkloadActual  42: 1048576 op, 948869100.00 ns, 904.9121 ns/op
WorkloadActual  43: 1048576 op, 949087800.00 ns, 905.1207 ns/op
WorkloadActual  44: 1048576 op, 946247200.00 ns, 902.4117 ns/op
WorkloadActual  45: 1048576 op, 893805000.00 ns, 852.3989 ns/op
WorkloadActual  46: 1048576 op, 770482900.00 ns, 734.7898 ns/op
WorkloadActual  47: 1048576 op, 730568200.00 ns, 696.7241 ns/op
WorkloadActual  48: 1048576 op, 770374500.00 ns, 734.6864 ns/op
WorkloadActual  49: 1048576 op, 768420100.00 ns, 732.8225 ns/op
WorkloadActual  50: 1048576 op, 770218900.00 ns, 734.5380 ns/op
WorkloadActual  51: 1048576 op, 731262700.00 ns, 697.3865 ns/op
WorkloadActual  52: 1048576 op, 750965600.00 ns, 716.1766 ns/op
WorkloadActual  53: 1048576 op, 729479400.00 ns, 695.6858 ns/op
WorkloadActual  54: 1048576 op, 734794100.00 ns, 700.7543 ns/op
WorkloadActual  55: 1048576 op, 730802300.00 ns, 696.9474 ns/op
WorkloadActual  56: 1048576 op, 738702500.00 ns, 704.4816 ns/op
WorkloadActual  57: 1048576 op, 756755200.00 ns, 721.6980 ns/op
WorkloadActual  58: 1048576 op, 749067700.00 ns, 714.3666 ns/op
WorkloadActual  59: 1048576 op, 747400100.00 ns, 712.7763 ns/op
WorkloadActual  60: 1048576 op, 731814100.00 ns, 697.9123 ns/op
WorkloadActual  61: 1048576 op, 759155200.00 ns, 723.9868 ns/op
WorkloadActual  62: 1048576 op, 772179700.00 ns, 736.4079 ns/op
WorkloadActual  63: 1048576 op, 766927000.00 ns, 731.3986 ns/op
WorkloadActual  64: 1048576 op, 722724400.00 ns, 689.2437 ns/op
WorkloadActual  65: 1048576 op, 720071200.00 ns, 686.7134 ns/op
WorkloadActual  66: 1048576 op, 727302300.00 ns, 693.6095 ns/op
WorkloadActual  67: 1048576 op, 733676200.00 ns, 699.6881 ns/op
WorkloadActual  68: 1048576 op, 724828300.00 ns, 691.2501 ns/op
WorkloadActual  69: 1048576 op, 737816900.00 ns, 703.6370 ns/op
WorkloadActual  70: 1048576 op, 732625700.00 ns, 698.6863 ns/op
WorkloadActual  71: 1048576 op, 735978400.00 ns, 701.8837 ns/op
WorkloadActual  72: 1048576 op, 751702300.00 ns, 716.8792 ns/op
WorkloadActual  73: 1048576 op, 734123000.00 ns, 700.1143 ns/op
WorkloadActual  74: 1048576 op, 743223600.00 ns, 708.7933 ns/op
WorkloadActual  75: 1048576 op, 775387100.00 ns, 739.4668 ns/op
WorkloadActual  76: 1048576 op, 735653700.00 ns, 701.5740 ns/op
WorkloadActual  77: 1048576 op, 729913700.00 ns, 696.0999 ns/op
WorkloadActual  78: 1048576 op, 760313200.00 ns, 725.0912 ns/op
WorkloadActual  79: 1048576 op, 732536100.00 ns, 698.6009 ns/op
WorkloadActual  80: 1048576 op, 732333300.00 ns, 698.4075 ns/op
WorkloadActual  81: 1048576 op, 765360100.00 ns, 729.9043 ns/op
WorkloadActual  82: 1048576 op, 770876600.00 ns, 735.1652 ns/op
WorkloadActual  83: 1048576 op, 731491100.00 ns, 697.6043 ns/op
WorkloadActual  84: 1048576 op, 761838800.00 ns, 726.5461 ns/op
WorkloadActual  85: 1048576 op, 747743800.00 ns, 713.1041 ns/op
WorkloadActual  86: 1048576 op, 737737400.00 ns, 703.5612 ns/op
WorkloadActual  87: 1048576 op, 737432800.00 ns, 703.2707 ns/op
WorkloadActual  88: 1048576 op, 779320300.00 ns, 743.2178 ns/op
WorkloadActual  89: 1048576 op, 736392000.00 ns, 702.2781 ns/op
WorkloadActual  90: 1048576 op, 731231600.00 ns, 697.3568 ns/op
WorkloadActual  91: 1048576 op, 739957500.00 ns, 705.6785 ns/op
WorkloadActual  92: 1048576 op, 772155600.00 ns, 736.3850 ns/op
WorkloadActual  93: 1048576 op, 739153200.00 ns, 704.9114 ns/op
WorkloadActual  94: 1048576 op, 742950800.00 ns, 708.5331 ns/op
WorkloadActual  95: 1048576 op, 749703500.00 ns, 714.9730 ns/op
WorkloadActual  96: 1048576 op, 753808600.00 ns, 718.8879 ns/op
WorkloadActual  97: 1048576 op, 743280200.00 ns, 708.8472 ns/op
WorkloadActual  98: 1048576 op, 736156100.00 ns, 702.0532 ns/op
WorkloadActual  99: 1048576 op, 773006200.00 ns, 737.1962 ns/op
WorkloadActual  100: 1048576 op, 736361400.00 ns, 702.2490 ns/op

// AfterActualRun
WorkloadResult   1: 1048576 op, 734412300.00 ns, 700.3901 ns/op
WorkloadResult   2: 1048576 op, 796084400.00 ns, 759.2052 ns/op
WorkloadResult   3: 1048576 op, 773397700.00 ns, 737.5695 ns/op
WorkloadResult   4: 1048576 op, 927748500.00 ns, 884.7699 ns/op
WorkloadResult   5: 1048576 op, 941494400.00 ns, 897.8790 ns/op
WorkloadResult   6: 1048576 op, 938337600.00 ns, 894.8685 ns/op
WorkloadResult   7: 1048576 op, 937182800.00 ns, 893.7672 ns/op
WorkloadResult   8: 1048576 op, 939561300.00 ns, 896.0355 ns/op
WorkloadResult   9: 1048576 op, 939831900.00 ns, 896.2935 ns/op
WorkloadResult  10: 1048576 op, 942567900.00 ns, 898.9028 ns/op
WorkloadResult  11: 1048576 op, 937935500.00 ns, 894.4850 ns/op
WorkloadResult  12: 1048576 op, 941490500.00 ns, 897.8753 ns/op
WorkloadResult  13: 1048576 op, 939916000.00 ns, 896.3737 ns/op
WorkloadResult  14: 1048576 op, 942123400.00 ns, 898.4789 ns/op
WorkloadResult  15: 1048576 op, 937903200.00 ns, 894.4542 ns/op
WorkloadResult  16: 1048576 op, 941283900.00 ns, 897.6783 ns/op
WorkloadResult  17: 1048576 op, 937609200.00 ns, 894.1738 ns/op
WorkloadResult  18: 1048576 op, 940415800.00 ns, 896.8504 ns/op
WorkloadResult  19: 1048576 op, 942756400.00 ns, 899.0826 ns/op
WorkloadResult  20: 1048576 op, 938533300.00 ns, 895.0551 ns/op
WorkloadResult  21: 1048576 op, 941368400.00 ns, 897.7589 ns/op
WorkloadResult  22: 1048576 op, 939669400.00 ns, 896.1386 ns/op
WorkloadResult  23: 1048576 op, 945007900.00 ns, 901.2298 ns/op
WorkloadResult  24: 1048576 op, 940816800.00 ns, 897.2328 ns/op
WorkloadResult  25: 1048576 op, 944095300.00 ns, 900.3594 ns/op
WorkloadResult  26: 1048576 op, 945187000.00 ns, 901.4006 ns/op
WorkloadResult  27: 1048576 op, 933730000.00 ns, 890.4743 ns/op
WorkloadResult  28: 1048576 op, 940314600.00 ns, 896.7539 ns/op
WorkloadResult  29: 1048576 op, 947388300.00 ns, 903.4999 ns/op
WorkloadResult  30: 1048576 op, 948947700.00 ns, 904.9870 ns/op
WorkloadResult  31: 1048576 op, 947369000.00 ns, 903.4815 ns/op
WorkloadResult  32: 1048576 op, 944584300.00 ns, 900.8258 ns/op
WorkloadResult  33: 1048576 op, 941867600.00 ns, 898.2349 ns/op
WorkloadResult  34: 1048576 op, 946161800.00 ns, 902.3302 ns/op
WorkloadResult  35: 1048576 op, 945412100.00 ns, 901.6152 ns/op
WorkloadResult  36: 1048576 op, 944060100.00 ns, 900.3259 ns/op
WorkloadResult  37: 1048576 op, 946932900.00 ns, 903.0656 ns/op
WorkloadResult  38: 1048576 op, 946659300.00 ns, 902.8047 ns/op
WorkloadResult  39: 1048576 op, 945904600.00 ns, 902.0849 ns/op
WorkloadResult  40: 1048576 op, 945659600.00 ns, 901.8513 ns/op
WorkloadResult  41: 1048576 op, 943562300.00 ns, 899.8511 ns/op
WorkloadResult  42: 1048576 op, 947502800.00 ns, 903.6091 ns/op
WorkloadResult  43: 1048576 op, 947721500.00 ns, 903.8177 ns/op
WorkloadResult  44: 1048576 op, 944880900.00 ns, 901.1086 ns/op
WorkloadResult  45: 1048576 op, 892438700.00 ns, 851.0959 ns/op
WorkloadResult  46: 1048576 op, 769116600.00 ns, 733.4867 ns/op
WorkloadResult  47: 1048576 op, 729201900.00 ns, 695.4211 ns/op
WorkloadResult  48: 1048576 op, 769008200.00 ns, 733.3834 ns/op
WorkloadResult  49: 1048576 op, 767053800.00 ns, 731.5195 ns/op
WorkloadResult  50: 1048576 op, 768852600.00 ns, 733.2350 ns/op
WorkloadResult  51: 1048576 op, 729896400.00 ns, 696.0835 ns/op
WorkloadResult  52: 1048576 op, 749599300.00 ns, 714.8736 ns/op
WorkloadResult  53: 1048576 op, 728113100.00 ns, 694.3828 ns/op
WorkloadResult  54: 1048576 op, 733427800.00 ns, 699.4513 ns/op
WorkloadResult  55: 1048576 op, 729436000.00 ns, 695.6444 ns/op
WorkloadResult  56: 1048576 op, 737336200.00 ns, 703.1786 ns/op
WorkloadResult  57: 1048576 op, 755388900.00 ns, 720.3950 ns/op
WorkloadResult  58: 1048576 op, 747701400.00 ns, 713.0636 ns/op
WorkloadResult  59: 1048576 op, 746033800.00 ns, 711.4733 ns/op
WorkloadResult  60: 1048576 op, 730447800.00 ns, 696.6093 ns/op
WorkloadResult  61: 1048576 op, 757788900.00 ns, 722.6838 ns/op
WorkloadResult  62: 1048576 op, 770813400.00 ns, 735.1049 ns/op
WorkloadResult  63: 1048576 op, 765560700.00 ns, 730.0956 ns/op
WorkloadResult  64: 1048576 op, 721358100.00 ns, 687.9407 ns/op
WorkloadResult  65: 1048576 op, 718704900.00 ns, 685.4104 ns/op
WorkloadResult  66: 1048576 op, 725936000.00 ns, 692.3065 ns/op
WorkloadResult  67: 1048576 op, 732309900.00 ns, 698.3851 ns/op
WorkloadResult  68: 1048576 op, 723462000.00 ns, 689.9471 ns/op
WorkloadResult  69: 1048576 op, 736450600.00 ns, 702.3340 ns/op
WorkloadResult  70: 1048576 op, 731259400.00 ns, 697.3833 ns/op
WorkloadResult  71: 1048576 op, 734612100.00 ns, 700.5807 ns/op
WorkloadResult  72: 1048576 op, 750336000.00 ns, 715.5762 ns/op
WorkloadResult  73: 1048576 op, 732756700.00 ns, 698.8112 ns/op
WorkloadResult  74: 1048576 op, 741857300.00 ns, 707.4903 ns/op
WorkloadResult  75: 1048576 op, 774020800.00 ns, 738.1638 ns/op
WorkloadResult  76: 1048576 op, 734287400.00 ns, 700.2710 ns/op
WorkloadResult  77: 1048576 op, 728547400.00 ns, 694.7969 ns/op
WorkloadResult  78: 1048576 op, 758946900.00 ns, 723.7882 ns/op
WorkloadResult  79: 1048576 op, 731169800.00 ns, 697.2979 ns/op
WorkloadResult  80: 1048576 op, 730967000.00 ns, 697.1045 ns/op
WorkloadResult  81: 1048576 op, 763993800.00 ns, 728.6013 ns/op
WorkloadResult  82: 1048576 op, 769510300.00 ns, 733.8622 ns/op
WorkloadResult  83: 1048576 op, 730124800.00 ns, 696.3013 ns/op
WorkloadResult  84: 1048576 op, 760472500.00 ns, 725.2431 ns/op
WorkloadResult  85: 1048576 op, 746377500.00 ns, 711.8011 ns/op
WorkloadResult  86: 1048576 op, 736371100.00 ns, 702.2582 ns/op
WorkloadResult  87: 1048576 op, 736066500.00 ns, 701.9677 ns/op
WorkloadResult  88: 1048576 op, 777954000.00 ns, 741.9147 ns/op
WorkloadResult  89: 1048576 op, 735025700.00 ns, 700.9751 ns/op
WorkloadResult  90: 1048576 op, 729865300.00 ns, 696.0538 ns/op
WorkloadResult  91: 1048576 op, 738591200.00 ns, 704.3755 ns/op
WorkloadResult  92: 1048576 op, 770789300.00 ns, 735.0820 ns/op
WorkloadResult  93: 1048576 op, 737786900.00 ns, 703.6084 ns/op
WorkloadResult  94: 1048576 op, 741584500.00 ns, 707.2301 ns/op
WorkloadResult  95: 1048576 op, 748337200.00 ns, 713.6700 ns/op
WorkloadResult  96: 1048576 op, 752442300.00 ns, 717.5849 ns/op
WorkloadResult  97: 1048576 op, 741913900.00 ns, 707.5442 ns/op
WorkloadResult  98: 1048576 op, 734789800.00 ns, 700.7502 ns/op
WorkloadResult  99: 1048576 op, 771639900.00 ns, 735.8932 ns/op
WorkloadResult  100: 1048576 op, 734995100.00 ns, 700.9459 ns/op
// GC:  42 0 0 671089376 1048576
// Threading:  0 0 1048576

// AfterAll
// Benchmark Process 43280 has exited with code 0.

Mean = 789.435 ns, StdErr = 9.342 ns (1.18%), N = 100, StdDev = 93.420 ns
Min = 685.410 ns, Q1 = 702.186 ns, Median = 733.674 ns, Q3 = 897.698 ns, Max = 904.987 ns
IQR = 195.513 ns, LowerFence = 408.916 ns, UpperFence = 1,190.968 ns
ConfidenceInterval = [757.751 ns; 821.118 ns] (CI 99.9%), Margin = 31.684 ns (4.01% of Mean)
Skewness = 0.27, Kurtosis = 1.13, MValue = 3.46

// ** Remained 29 (90,6 %) benchmark(s) to run. Estimated finish 2026-05-29 21:02 (0h 21m from now) **
Setup power plan (GUID: 8c5e7fda-e8bf-4a96-9a85-a6e23a8c635c FriendlyName: Alto rendimiento)
// **************************
// Benchmark: FlagStoreBenchmarks.Set_AllFlags: .NET 8.0(Runtime=.NET 8.0) [FlagCount=10]
// *** Execute ***
// Launch: 1 / 1
// Execute: dotnet aa0c72c8-782f-4e5d-b357-a1c5d5f4f806.dll --anonymousPipes 2120 2000 --benchmarkName "ConsoleEngine.Benchmarks.FlagStoreBenchmarks.Set_AllFlags(FlagCount: 10)" --job ".NET 8.0" --benchmarkId 3 in C:\Users\maxli\ConsoleEngine\src\ConsoleEngine.Benchmarks\bin\Release\net8.0\aa0c72c8-782f-4e5d-b357-a1c5d5f4f806\bin\Release\net8.0
// BeforeAnythingElse

// Benchmark Process Environment Information:
// BenchmarkDotNet v0.14.0
// Runtime=.NET 8.0.22 (8.0.2225.52707), X64 RyuJIT AVX2
// GC=Concurrent Workstation
// HardwareIntrinsics=AVX2,AES,BMI1,BMI2,FMA,LZCNT,PCLMUL,POPCNT,AvxVnni,SERIALIZE VectorSize=256
// Job: .NET 8.0

OverheadJitting  1: 1 op, 280100.00 ns, 280.1000 us/op
WorkloadJitting  1: 1 op, 221200.00 ns, 221.2000 us/op

OverheadJitting  2: 16 op, 116200.00 ns, 7.2625 us/op
WorkloadJitting  2: 16 op, 192200.00 ns, 12.0125 us/op

WorkloadPilot    1: 16 op, 93700.00 ns, 5.8563 us/op
WorkloadPilot    2: 32 op, 170100.00 ns, 5.3156 us/op
WorkloadPilot    3: 64 op, 320300.00 ns, 5.0047 us/op
WorkloadPilot    4: 128 op, 575100.00 ns, 4.4930 us/op
WorkloadPilot    5: 256 op, 1178100.00 ns, 4.6020 us/op
WorkloadPilot    6: 512 op, 2537300.00 ns, 4.9557 us/op
WorkloadPilot    7: 1024 op, 5910300.00 ns, 5.7718 us/op
WorkloadPilot    8: 2048 op, 10182500.00 ns, 4.9719 us/op
WorkloadPilot    9: 4096 op, 20357200.00 ns, 4.9700 us/op
WorkloadPilot   10: 8192 op, 36997400.00 ns, 4.5163 us/op
WorkloadPilot   11: 16384 op, 73105800.00 ns, 4.4620 us/op
WorkloadPilot   12: 32768 op, 111412800.00 ns, 3.4000 us/op
WorkloadPilot   13: 65536 op, 160331600.00 ns, 2.4465 us/op
WorkloadPilot   14: 131072 op, 171431500.00 ns, 1.3079 us/op
WorkloadPilot   15: 262144 op, 343362800.00 ns, 1.3098 us/op
WorkloadPilot   16: 524288 op, 713970200.00 ns, 1.3618 us/op

OverheadWarmup   1: 524288 op, 695100.00 ns, 1.3258 ns/op
OverheadWarmup   2: 524288 op, 660700.00 ns, 1.2602 ns/op
OverheadWarmup   3: 524288 op, 716300.00 ns, 1.3662 ns/op
OverheadWarmup   4: 524288 op, 701500.00 ns, 1.3380 ns/op
OverheadWarmup   5: 524288 op, 705300.00 ns, 1.3453 ns/op
OverheadWarmup   6: 524288 op, 692200.00 ns, 1.3203 ns/op

OverheadActual   1: 524288 op, 727100.00 ns, 1.3868 ns/op
OverheadActual   2: 524288 op, 664200.00 ns, 1.2669 ns/op
OverheadActual   3: 524288 op, 680700.00 ns, 1.2983 ns/op
OverheadActual   4: 524288 op, 711800.00 ns, 1.3577 ns/op
OverheadActual   5: 524288 op, 701800.00 ns, 1.3386 ns/op
OverheadActual   6: 524288 op, 669000.00 ns, 1.2760 ns/op
OverheadActual   7: 524288 op, 670700.00 ns, 1.2793 ns/op
OverheadActual   8: 524288 op, 684400.00 ns, 1.3054 ns/op
OverheadActual   9: 524288 op, 703500.00 ns, 1.3418 ns/op
OverheadActual  10: 524288 op, 716000.00 ns, 1.3657 ns/op
OverheadActual  11: 524288 op, 699700.00 ns, 1.3346 ns/op
OverheadActual  12: 524288 op, 694500.00 ns, 1.3247 ns/op
OverheadActual  13: 524288 op, 662300.00 ns, 1.2632 ns/op
OverheadActual  14: 524288 op, 678100.00 ns, 1.2934 ns/op
OverheadActual  15: 524288 op, 691900.00 ns, 1.3197 ns/op

WorkloadWarmup   1: 524288 op, 718545000.00 ns, 1.3705 us/op
WorkloadWarmup   2: 524288 op, 694930400.00 ns, 1.3255 us/op
WorkloadWarmup   3: 524288 op, 716067900.00 ns, 1.3658 us/op
WorkloadWarmup   4: 524288 op, 732555800.00 ns, 1.3972 us/op
WorkloadWarmup   5: 524288 op, 712294100.00 ns, 1.3586 us/op
WorkloadWarmup   6: 524288 op, 688199800.00 ns, 1.3126 us/op
WorkloadWarmup   7: 524288 op, 724370300.00 ns, 1.3816 us/op
WorkloadWarmup   8: 524288 op, 707788200.00 ns, 1.3500 us/op

// BeforeActualRun
WorkloadActual   1: 524288 op, 730744400.00 ns, 1.3938 us/op
WorkloadActual   2: 524288 op, 695995500.00 ns, 1.3275 us/op
WorkloadActual   3: 524288 op, 679826900.00 ns, 1.2967 us/op
WorkloadActual   4: 524288 op, 699506500.00 ns, 1.3342 us/op
WorkloadActual   5: 524288 op, 723634000.00 ns, 1.3802 us/op
WorkloadActual   6: 524288 op, 699430700.00 ns, 1.3341 us/op
WorkloadActual   7: 524288 op, 704813800.00 ns, 1.3443 us/op
WorkloadActual   8: 524288 op, 720612900.00 ns, 1.3745 us/op
WorkloadActual   9: 524288 op, 697246600.00 ns, 1.3299 us/op
WorkloadActual  10: 524288 op, 682065500.00 ns, 1.3009 us/op
WorkloadActual  11: 524288 op, 719337200.00 ns, 1.3720 us/op
WorkloadActual  12: 524288 op, 683031500.00 ns, 1.3028 us/op
WorkloadActual  13: 524288 op, 699868100.00 ns, 1.3349 us/op
WorkloadActual  14: 524288 op, 699592700.00 ns, 1.3344 us/op
WorkloadActual  15: 524288 op, 717861900.00 ns, 1.3692 us/op
WorkloadActual  16: 524288 op, 721011100.00 ns, 1.3752 us/op
WorkloadActual  17: 524288 op, 725534400.00 ns, 1.3838 us/op
WorkloadActual  18: 524288 op, 726360000.00 ns, 1.3854 us/op
WorkloadActual  19: 524288 op, 736923400.00 ns, 1.4056 us/op
WorkloadActual  20: 524288 op, 696177200.00 ns, 1.3279 us/op
WorkloadActual  21: 524288 op, 688713300.00 ns, 1.3136 us/op
WorkloadActual  22: 524288 op, 717204600.00 ns, 1.3680 us/op

// AfterActualRun
WorkloadResult   1: 524288 op, 730052500.00 ns, 1.3925 us/op
WorkloadResult   2: 524288 op, 695303600.00 ns, 1.3262 us/op
WorkloadResult   3: 524288 op, 679135000.00 ns, 1.2953 us/op
WorkloadResult   4: 524288 op, 698814600.00 ns, 1.3329 us/op
WorkloadResult   5: 524288 op, 722942100.00 ns, 1.3789 us/op
WorkloadResult   6: 524288 op, 698738800.00 ns, 1.3327 us/op
WorkloadResult   7: 524288 op, 704121900.00 ns, 1.3430 us/op
WorkloadResult   8: 524288 op, 719921000.00 ns, 1.3731 us/op
WorkloadResult   9: 524288 op, 696554700.00 ns, 1.3286 us/op
WorkloadResult  10: 524288 op, 681373600.00 ns, 1.2996 us/op
WorkloadResult  11: 524288 op, 718645300.00 ns, 1.3707 us/op
WorkloadResult  12: 524288 op, 682339600.00 ns, 1.3015 us/op
WorkloadResult  13: 524288 op, 699176200.00 ns, 1.3336 us/op
WorkloadResult  14: 524288 op, 698900800.00 ns, 1.3330 us/op
WorkloadResult  15: 524288 op, 717170000.00 ns, 1.3679 us/op
WorkloadResult  16: 524288 op, 720319200.00 ns, 1.3739 us/op
WorkloadResult  17: 524288 op, 724842500.00 ns, 1.3825 us/op
WorkloadResult  18: 524288 op, 725668100.00 ns, 1.3841 us/op
WorkloadResult  19: 524288 op, 736231500.00 ns, 1.4043 us/op
WorkloadResult  20: 524288 op, 695485300.00 ns, 1.3265 us/op
WorkloadResult  21: 524288 op, 688021400.00 ns, 1.3123 us/op
WorkloadResult  22: 524288 op, 716512700.00 ns, 1.3666 us/op
// GC:  100 1 0 1568670432 524288
// Threading:  0 0 524288

// AfterAll
// Benchmark Process 42784 has exited with code 0.

Mean = 1.348 μs, StdErr = 0.007 μs (0.51%), N = 22, StdDev = 0.032 μs
Min = 1.295 μs, Q1 = 1.327 μs, Median = 1.338 μs, Q3 = 1.374 μs, Max = 1.404 μs
IQR = 0.047 μs, LowerFence = 1.257 μs, UpperFence = 1.444 μs
ConfidenceInterval = [1.322 μs; 1.374 μs] (CI 99.9%), Margin = 0.026 μs (1.95% of Mean)
Skewness = -0.02, Kurtosis = 1.65, MValue = 2

// ** Remained 28 (87,5 %) benchmark(s) to run. Estimated finish 2026-05-29 20:59 (0h 18m from now) **
Setup power plan (GUID: 8c5e7fda-e8bf-4a96-9a85-a6e23a8c635c FriendlyName: Alto rendimiento)
// **************************
// Benchmark: FlagStoreBenchmarks.ToJson: .NET 8.0(Runtime=.NET 8.0) [FlagCount=100]
// *** Execute ***
// Launch: 1 / 1
// Execute: dotnet aa0c72c8-782f-4e5d-b357-a1c5d5f4f806.dll --anonymousPipes 1368 1372 --benchmarkName "ConsoleEngine.Benchmarks.FlagStoreBenchmarks.ToJson(FlagCount: 100)" --job ".NET 8.0" --benchmarkId 4 in C:\Users\maxli\ConsoleEngine\src\ConsoleEngine.Benchmarks\bin\Release\net8.0\aa0c72c8-782f-4e5d-b357-a1c5d5f4f806\bin\Release\net8.0
// BeforeAnythingElse

// Benchmark Process Environment Information:
// BenchmarkDotNet v0.14.0
// Runtime=.NET 8.0.22 (8.0.2225.52707), X64 RyuJIT AVX2
// GC=Concurrent Workstation
// HardwareIntrinsics=AVX2,AES,BMI1,BMI2,FMA,LZCNT,PCLMUL,POPCNT,AvxVnni,SERIALIZE VectorSize=256
// Job: .NET 8.0

OverheadJitting  1: 1 op, 177000.00 ns, 177.0000 us/op
WorkloadJitting  1: 1 op, 217500.00 ns, 217.5000 us/op

OverheadJitting  2: 16 op, 296800.00 ns, 18.5500 us/op
WorkloadJitting  2: 16 op, 515000.00 ns, 32.1875 us/op

WorkloadPilot    1: 16 op, 247500.00 ns, 15.4688 us/op
WorkloadPilot    2: 32 op, 456000.00 ns, 14.2500 us/op
WorkloadPilot    3: 64 op, 915500.00 ns, 14.3047 us/op
WorkloadPilot    4: 128 op, 1894300.00 ns, 14.7992 us/op
WorkloadPilot    5: 256 op, 3421000.00 ns, 13.3633 us/op
WorkloadPilot    6: 512 op, 6986400.00 ns, 13.6453 us/op
WorkloadPilot    7: 1024 op, 13564800.00 ns, 13.2469 us/op
WorkloadPilot    8: 2048 op, 26452600.00 ns, 12.9163 us/op
WorkloadPilot    9: 4096 op, 51021300.00 ns, 12.4564 us/op
WorkloadPilot   10: 8192 op, 108461600.00 ns, 13.2399 us/op
WorkloadPilot   11: 16384 op, 96451800.00 ns, 5.8870 us/op
WorkloadPilot   12: 32768 op, 84089700.00 ns, 2.5662 us/op
WorkloadPilot   13: 65536 op, 172820300.00 ns, 2.6370 us/op
WorkloadPilot   14: 131072 op, 325291000.00 ns, 2.4818 us/op
WorkloadPilot   15: 262144 op, 685418700.00 ns, 2.6147 us/op

OverheadWarmup   1: 262144 op, 476000.00 ns, 1.8158 ns/op
OverheadWarmup   2: 262144 op, 468400.00 ns, 1.7868 ns/op
OverheadWarmup   3: 262144 op, 464500.00 ns, 1.7719 ns/op
OverheadWarmup   4: 262144 op, 464100.00 ns, 1.7704 ns/op
OverheadWarmup   5: 262144 op, 464600.00 ns, 1.7723 ns/op
OverheadWarmup   6: 262144 op, 479200.00 ns, 1.8280 ns/op
OverheadWarmup   7: 262144 op, 464000.00 ns, 1.7700 ns/op
OverheadWarmup   8: 262144 op, 464300.00 ns, 1.7712 ns/op
OverheadWarmup   9: 262144 op, 463500.00 ns, 1.7681 ns/op

OverheadActual   1: 262144 op, 464100.00 ns, 1.7704 ns/op
OverheadActual   2: 262144 op, 477500.00 ns, 1.8215 ns/op
OverheadActual   3: 262144 op, 464700.00 ns, 1.7727 ns/op
OverheadActual   4: 262144 op, 464100.00 ns, 1.7704 ns/op
OverheadActual   5: 262144 op, 465000.00 ns, 1.7738 ns/op
OverheadActual   6: 262144 op, 472100.00 ns, 1.8009 ns/op
OverheadActual   7: 262144 op, 464200.00 ns, 1.7708 ns/op
OverheadActual   8: 262144 op, 480200.00 ns, 1.8318 ns/op
OverheadActual   9: 262144 op, 472800.00 ns, 1.8036 ns/op
OverheadActual  10: 262144 op, 632100.00 ns, 2.4113 ns/op
OverheadActual  11: 262144 op, 498500.00 ns, 1.9016 ns/op
OverheadActual  12: 262144 op, 561500.00 ns, 2.1420 ns/op
OverheadActual  13: 262144 op, 686400.00 ns, 2.6184 ns/op
OverheadActual  14: 262144 op, 474800.00 ns, 1.8112 ns/op
OverheadActual  15: 262144 op, 464600.00 ns, 1.7723 ns/op

WorkloadWarmup   1: 262144 op, 671317800.00 ns, 2.5609 us/op
WorkloadWarmup   2: 262144 op, 689374500.00 ns, 2.6298 us/op
WorkloadWarmup   3: 262144 op, 689093600.00 ns, 2.6287 us/op
WorkloadWarmup   4: 262144 op, 654313300.00 ns, 2.4960 us/op
WorkloadWarmup   5: 262144 op, 649885400.00 ns, 2.4791 us/op
WorkloadWarmup   6: 262144 op, 682932300.00 ns, 2.6052 us/op
WorkloadWarmup   7: 262144 op, 665628300.00 ns, 2.5392 us/op

// BeforeActualRun
WorkloadActual   1: 262144 op, 658332900.00 ns, 2.5113 us/op
WorkloadActual   2: 262144 op, 660819200.00 ns, 2.5208 us/op
WorkloadActual   3: 262144 op, 647627200.00 ns, 2.4705 us/op
WorkloadActual   4: 262144 op, 663784400.00 ns, 2.5321 us/op
WorkloadActual   5: 262144 op, 667847300.00 ns, 2.5476 us/op
WorkloadActual   6: 262144 op, 655851200.00 ns, 2.5019 us/op
WorkloadActual   7: 262144 op, 633561300.00 ns, 2.4168 us/op
WorkloadActual   8: 262144 op, 620383100.00 ns, 2.3666 us/op
WorkloadActual   9: 262144 op, 626743900.00 ns, 2.3908 us/op
WorkloadActual  10: 262144 op, 670940000.00 ns, 2.5594 us/op
WorkloadActual  11: 262144 op, 664231800.00 ns, 2.5338 us/op
WorkloadActual  12: 262144 op, 1019420500.00 ns, 3.8888 us/op
WorkloadActual  13: 262144 op, 1015936100.00 ns, 3.8755 us/op
WorkloadActual  14: 262144 op, 1030337000.00 ns, 3.9304 us/op
WorkloadActual  15: 262144 op, 1029967000.00 ns, 3.9290 us/op
WorkloadActual  16: 262144 op, 1031604800.00 ns, 3.9353 us/op
WorkloadActual  17: 262144 op, 1016556000.00 ns, 3.8779 us/op
WorkloadActual  18: 262144 op, 1028945600.00 ns, 3.9251 us/op
WorkloadActual  19: 262144 op, 1025413400.00 ns, 3.9116 us/op
WorkloadActual  20: 262144 op, 1032062200.00 ns, 3.9370 us/op
WorkloadActual  21: 262144 op, 1032655000.00 ns, 3.9393 us/op
WorkloadActual  22: 262144 op, 1021515500.00 ns, 3.8968 us/op
WorkloadActual  23: 262144 op, 1031584800.00 ns, 3.9352 us/op
WorkloadActual  24: 262144 op, 1026101700.00 ns, 3.9143 us/op
WorkloadActual  25: 262144 op, 1022372700.00 ns, 3.9000 us/op
WorkloadActual  26: 262144 op, 1029817700.00 ns, 3.9284 us/op
WorkloadActual  27: 262144 op, 1024828900.00 ns, 3.9094 us/op
WorkloadActual  28: 262144 op, 1016300500.00 ns, 3.8769 us/op
WorkloadActual  29: 262144 op, 1031798300.00 ns, 3.9360 us/op
WorkloadActual  30: 262144 op, 1028379000.00 ns, 3.9230 us/op
WorkloadActual  31: 262144 op, 1031001400.00 ns, 3.9330 us/op
WorkloadActual  32: 262144 op, 1039134100.00 ns, 3.9640 us/op
WorkloadActual  33: 262144 op, 1012912100.00 ns, 3.8640 us/op
WorkloadActual  34: 262144 op, 1036107000.00 ns, 3.9524 us/op
WorkloadActual  35: 262144 op, 1026778900.00 ns, 3.9169 us/op
WorkloadActual  36: 262144 op, 1033353200.00 ns, 3.9419 us/op
WorkloadActual  37: 262144 op, 1032917500.00 ns, 3.9403 us/op
WorkloadActual  38: 262144 op, 1022365900.00 ns, 3.9000 us/op
WorkloadActual  39: 262144 op, 1022333100.00 ns, 3.8999 us/op
WorkloadActual  40: 262144 op, 1028508500.00 ns, 3.9234 us/op
WorkloadActual  41: 262144 op, 1031232300.00 ns, 3.9338 us/op
WorkloadActual  42: 262144 op, 1015880300.00 ns, 3.8753 us/op
WorkloadActual  43: 262144 op, 1030428200.00 ns, 3.9308 us/op
WorkloadActual  44: 262144 op, 1038067800.00 ns, 3.9599 us/op
WorkloadActual  45: 262144 op, 1029288700.00 ns, 3.9264 us/op
WorkloadActual  46: 262144 op, 1026641600.00 ns, 3.9163 us/op
WorkloadActual  47: 262144 op, 1029301500.00 ns, 3.9265 us/op
WorkloadActual  48: 262144 op, 1038546300.00 ns, 3.9617 us/op
WorkloadActual  49: 262144 op, 1033003700.00 ns, 3.9406 us/op
WorkloadActual  50: 262144 op, 1029426900.00 ns, 3.9270 us/op
WorkloadActual  51: 262144 op, 1032253000.00 ns, 3.9377 us/op
WorkloadActual  52: 262144 op, 1033360700.00 ns, 3.9420 us/op
WorkloadActual  53: 262144 op, 1036803800.00 ns, 3.9551 us/op
WorkloadActual  54: 262144 op, 1035165100.00 ns, 3.9488 us/op
WorkloadActual  55: 262144 op, 1032603300.00 ns, 3.9391 us/op
WorkloadActual  56: 262144 op, 1034060500.00 ns, 3.9446 us/op
WorkloadActual  57: 262144 op, 1039280800.00 ns, 3.9645 us/op
WorkloadActual  58: 262144 op, 1030339500.00 ns, 3.9304 us/op
WorkloadActual  59: 262144 op, 1029281100.00 ns, 3.9264 us/op
WorkloadActual  60: 262144 op, 1023712900.00 ns, 3.9052 us/op
WorkloadActual  61: 262144 op, 1032986500.00 ns, 3.9405 us/op
WorkloadActual  62: 262144 op, 1033340500.00 ns, 3.9419 us/op
WorkloadActual  63: 262144 op, 1023768500.00 ns, 3.9054 us/op
WorkloadActual  64: 262144 op, 1041834300.00 ns, 3.9743 us/op
WorkloadActual  65: 262144 op, 1021538500.00 ns, 3.8969 us/op
WorkloadActual  66: 262144 op, 1025939000.00 ns, 3.9136 us/op
WorkloadActual  67: 262144 op, 1025558200.00 ns, 3.9122 us/op
WorkloadActual  68: 262144 op, 1023856000.00 ns, 3.9057 us/op
WorkloadActual  69: 262144 op, 1028998400.00 ns, 3.9253 us/op
WorkloadActual  70: 262144 op, 988599800.00 ns, 3.7712 us/op
WorkloadActual  71: 262144 op, 995994200.00 ns, 3.7994 us/op
WorkloadActual  72: 262144 op, 1034555600.00 ns, 3.9465 us/op
WorkloadActual  73: 262144 op, 1028283700.00 ns, 3.9226 us/op
WorkloadActual  74: 262144 op, 1034200800.00 ns, 3.9452 us/op
WorkloadActual  75: 262144 op, 1036937500.00 ns, 3.9556 us/op
WorkloadActual  76: 262144 op, 1032593800.00 ns, 3.9390 us/op
WorkloadActual  77: 262144 op, 1026510600.00 ns, 3.9158 us/op
WorkloadActual  78: 262144 op, 1026599400.00 ns, 3.9162 us/op
WorkloadActual  79: 262144 op, 1025473400.00 ns, 3.9119 us/op
WorkloadActual  80: 262144 op, 1029649800.00 ns, 3.9278 us/op
WorkloadActual  81: 262144 op, 1031294900.00 ns, 3.9341 us/op
WorkloadActual  82: 262144 op, 1033998700.00 ns, 3.9444 us/op
WorkloadActual  83: 262144 op, 1031230100.00 ns, 3.9338 us/op
WorkloadActual  84: 262144 op, 1034446500.00 ns, 3.9461 us/op
WorkloadActual  85: 262144 op, 1031360600.00 ns, 3.9343 us/op
WorkloadActual  86: 262144 op, 1047892700.00 ns, 3.9974 us/op
WorkloadActual  87: 262144 op, 1024773200.00 ns, 3.9092 us/op
WorkloadActual  88: 262144 op, 1025991800.00 ns, 3.9138 us/op
WorkloadActual  89: 262144 op, 1033874700.00 ns, 3.9439 us/op
WorkloadActual  90: 262144 op, 1022309000.00 ns, 3.8998 us/op
WorkloadActual  91: 262144 op, 1027829100.00 ns, 3.9209 us/op
WorkloadActual  92: 262144 op, 1029387800.00 ns, 3.9268 us/op
WorkloadActual  93: 262144 op, 1020332600.00 ns, 3.8923 us/op
WorkloadActual  94: 262144 op, 1023676300.00 ns, 3.9050 us/op
WorkloadActual  95: 262144 op, 1021546800.00 ns, 3.8969 us/op
WorkloadActual  96: 262144 op, 1028958500.00 ns, 3.9252 us/op
WorkloadActual  97: 262144 op, 1037850200.00 ns, 3.9591 us/op
WorkloadActual  98: 262144 op, 1021726200.00 ns, 3.8976 us/op
WorkloadActual  99: 262144 op, 1025955600.00 ns, 3.9137 us/op
WorkloadActual  100: 262144 op, 1038369600.00 ns, 3.9611 us/op

// AfterActualRun
WorkloadResult   1: 262144 op, 657860100.00 ns, 2.5095 us/op
WorkloadResult   2: 262144 op, 660346400.00 ns, 2.5190 us/op
WorkloadResult   3: 262144 op, 647154400.00 ns, 2.4687 us/op
WorkloadResult   4: 262144 op, 663311600.00 ns, 2.5303 us/op
WorkloadResult   5: 262144 op, 667374500.00 ns, 2.5458 us/op
WorkloadResult   6: 262144 op, 655378400.00 ns, 2.5001 us/op
WorkloadResult   7: 262144 op, 633088500.00 ns, 2.4150 us/op
WorkloadResult   8: 262144 op, 619910300.00 ns, 2.3648 us/op
WorkloadResult   9: 262144 op, 626271100.00 ns, 2.3890 us/op
WorkloadResult  10: 262144 op, 670467200.00 ns, 2.5576 us/op
WorkloadResult  11: 262144 op, 663759000.00 ns, 2.5320 us/op
WorkloadResult  12: 262144 op, 1018947700.00 ns, 3.8870 us/op
WorkloadResult  13: 262144 op, 1015463300.00 ns, 3.8737 us/op
WorkloadResult  14: 262144 op, 1029864200.00 ns, 3.9286 us/op
WorkloadResult  15: 262144 op, 1029494200.00 ns, 3.9272 us/op
WorkloadResult  16: 262144 op, 1031132000.00 ns, 3.9335 us/op
WorkloadResult  17: 262144 op, 1016083200.00 ns, 3.8760 us/op
WorkloadResult  18: 262144 op, 1028472800.00 ns, 3.9233 us/op
WorkloadResult  19: 262144 op, 1024940600.00 ns, 3.9098 us/op
WorkloadResult  20: 262144 op, 1031589400.00 ns, 3.9352 us/op
WorkloadResult  21: 262144 op, 1032182200.00 ns, 3.9375 us/op
WorkloadResult  22: 262144 op, 1021042700.00 ns, 3.8950 us/op
WorkloadResult  23: 262144 op, 1031112000.00 ns, 3.9334 us/op
WorkloadResult  24: 262144 op, 1025628900.00 ns, 3.9125 us/op
WorkloadResult  25: 262144 op, 1021899900.00 ns, 3.8982 us/op
WorkloadResult  26: 262144 op, 1029344900.00 ns, 3.9266 us/op
WorkloadResult  27: 262144 op, 1024356100.00 ns, 3.9076 us/op
WorkloadResult  28: 262144 op, 1015827700.00 ns, 3.8751 us/op
WorkloadResult  29: 262144 op, 1031325500.00 ns, 3.9342 us/op
WorkloadResult  30: 262144 op, 1027906200.00 ns, 3.9212 us/op
WorkloadResult  31: 262144 op, 1030528600.00 ns, 3.9312 us/op
WorkloadResult  32: 262144 op, 1038661300.00 ns, 3.9622 us/op
WorkloadResult  33: 262144 op, 1012439300.00 ns, 3.8621 us/op
WorkloadResult  34: 262144 op, 1035634200.00 ns, 3.9506 us/op
WorkloadResult  35: 262144 op, 1026306100.00 ns, 3.9150 us/op
WorkloadResult  36: 262144 op, 1032880400.00 ns, 3.9401 us/op
WorkloadResult  37: 262144 op, 1032444700.00 ns, 3.9385 us/op
WorkloadResult  38: 262144 op, 1021893100.00 ns, 3.8982 us/op
WorkloadResult  39: 262144 op, 1021860300.00 ns, 3.8981 us/op
WorkloadResult  40: 262144 op, 1028035700.00 ns, 3.9216 us/op
WorkloadResult  41: 262144 op, 1030759500.00 ns, 3.9320 us/op
WorkloadResult  42: 262144 op, 1015407500.00 ns, 3.8735 us/op
WorkloadResult  43: 262144 op, 1029955400.00 ns, 3.9290 us/op
WorkloadResult  44: 262144 op, 1037595000.00 ns, 3.9581 us/op
WorkloadResult  45: 262144 op, 1028815900.00 ns, 3.9246 us/op
WorkloadResult  46: 262144 op, 1026168800.00 ns, 3.9145 us/op
WorkloadResult  47: 262144 op, 1028828700.00 ns, 3.9247 us/op
WorkloadResult  48: 262144 op, 1038073500.00 ns, 3.9599 us/op
WorkloadResult  49: 262144 op, 1032530900.00 ns, 3.9388 us/op
WorkloadResult  50: 262144 op, 1028954100.00 ns, 3.9251 us/op
WorkloadResult  51: 262144 op, 1031780200.00 ns, 3.9359 us/op
WorkloadResult  52: 262144 op, 1032887900.00 ns, 3.9402 us/op
WorkloadResult  53: 262144 op, 1036331000.00 ns, 3.9533 us/op
WorkloadResult  54: 262144 op, 1034692300.00 ns, 3.9470 us/op
WorkloadResult  55: 262144 op, 1032130500.00 ns, 3.9373 us/op
WorkloadResult  56: 262144 op, 1033587700.00 ns, 3.9428 us/op
WorkloadResult  57: 262144 op, 1038808000.00 ns, 3.9627 us/op
WorkloadResult  58: 262144 op, 1029866700.00 ns, 3.9286 us/op
WorkloadResult  59: 262144 op, 1028808300.00 ns, 3.9246 us/op
WorkloadResult  60: 262144 op, 1023240100.00 ns, 3.9034 us/op
WorkloadResult  61: 262144 op, 1032513700.00 ns, 3.9387 us/op
WorkloadResult  62: 262144 op, 1032867700.00 ns, 3.9401 us/op
WorkloadResult  63: 262144 op, 1023295700.00 ns, 3.9036 us/op
WorkloadResult  64: 262144 op, 1041361500.00 ns, 3.9725 us/op
WorkloadResult  65: 262144 op, 1021065700.00 ns, 3.8951 us/op
WorkloadResult  66: 262144 op, 1025466200.00 ns, 3.9118 us/op
WorkloadResult  67: 262144 op, 1025085400.00 ns, 3.9104 us/op
WorkloadResult  68: 262144 op, 1023383200.00 ns, 3.9039 us/op
WorkloadResult  69: 262144 op, 1028525600.00 ns, 3.9235 us/op
WorkloadResult  70: 262144 op, 988127000.00 ns, 3.7694 us/op
WorkloadResult  71: 262144 op, 995521400.00 ns, 3.7976 us/op
WorkloadResult  72: 262144 op, 1034082800.00 ns, 3.9447 us/op
WorkloadResult  73: 262144 op, 1027810900.00 ns, 3.9208 us/op
WorkloadResult  74: 262144 op, 1033728000.00 ns, 3.9434 us/op
WorkloadResult  75: 262144 op, 1036464700.00 ns, 3.9538 us/op
WorkloadResult  76: 262144 op, 1032121000.00 ns, 3.9372 us/op
WorkloadResult  77: 262144 op, 1026037800.00 ns, 3.9140 us/op
WorkloadResult  78: 262144 op, 1026126600.00 ns, 3.9144 us/op
WorkloadResult  79: 262144 op, 1025000600.00 ns, 3.9101 us/op
WorkloadResult  80: 262144 op, 1029177000.00 ns, 3.9260 us/op
WorkloadResult  81: 262144 op, 1030822100.00 ns, 3.9323 us/op
WorkloadResult  82: 262144 op, 1033525900.00 ns, 3.9426 us/op
WorkloadResult  83: 262144 op, 1030757300.00 ns, 3.9320 us/op
WorkloadResult  84: 262144 op, 1033973700.00 ns, 3.9443 us/op
WorkloadResult  85: 262144 op, 1030887800.00 ns, 3.9325 us/op
WorkloadResult  86: 262144 op, 1047419900.00 ns, 3.9956 us/op
WorkloadResult  87: 262144 op, 1024300400.00 ns, 3.9074 us/op
WorkloadResult  88: 262144 op, 1025519000.00 ns, 3.9120 us/op
WorkloadResult  89: 262144 op, 1033401900.00 ns, 3.9421 us/op
WorkloadResult  90: 262144 op, 1021836200.00 ns, 3.8980 us/op
WorkloadResult  91: 262144 op, 1027356300.00 ns, 3.9191 us/op
WorkloadResult  92: 262144 op, 1028915000.00 ns, 3.9250 us/op
WorkloadResult  93: 262144 op, 1019859800.00 ns, 3.8905 us/op
WorkloadResult  94: 262144 op, 1023203500.00 ns, 3.9032 us/op
WorkloadResult  95: 262144 op, 1021074000.00 ns, 3.8951 us/op
WorkloadResult  96: 262144 op, 1028485700.00 ns, 3.9234 us/op
WorkloadResult  97: 262144 op, 1037377400.00 ns, 3.9573 us/op
WorkloadResult  98: 262144 op, 1021253400.00 ns, 3.8958 us/op
WorkloadResult  99: 262144 op, 1025482800.00 ns, 3.9119 us/op
WorkloadResult  100: 262144 op, 1037896800.00 ns, 3.9593 us/op
// GC:  86 0 0 1354760928 262144
// Threading:  0 0 262144

// AfterAll
// Benchmark Process 22236 has exited with code 0.

Mean = 3.763 μs, StdErr = 0.045 μs (1.20%), N = 100, StdDev = 0.453 μs
Min = 2.365 μs, Q1 = 3.898 μs, Median = 3.923 μs, Q3 = 3.937 μs, Max = 3.996 μs
IQR = 0.039 μs, LowerFence = 3.839 μs, UpperFence = 3.996 μs
ConfidenceInterval = [3.609 μs; 3.917 μs] (CI 99.9%), Margin = 0.154 μs (4.08% of Mean)
Skewness = -2.45, Kurtosis = 7.09, MValue = 2

// ** Remained 27 (84,4 %) benchmark(s) to run. Estimated finish 2026-05-29 21:06 (0h 23m from now) **
Setup power plan (GUID: 8c5e7fda-e8bf-4a96-9a85-a6e23a8c635c FriendlyName: Alto rendimiento)
// **************************
// Benchmark: FlagStoreBenchmarks.FromJson: .NET 8.0(Runtime=.NET 8.0) [FlagCount=100]
// *** Execute ***
// Launch: 1 / 1
// Execute: dotnet aa0c72c8-782f-4e5d-b357-a1c5d5f4f806.dll --anonymousPipes 2104 2100 --benchmarkName "ConsoleEngine.Benchmarks.FlagStoreBenchmarks.FromJson(FlagCount: 100)" --job ".NET 8.0" --benchmarkId 5 in C:\Users\maxli\ConsoleEngine\src\ConsoleEngine.Benchmarks\bin\Release\net8.0\aa0c72c8-782f-4e5d-b357-a1c5d5f4f806\bin\Release\net8.0
// BeforeAnythingElse

// Benchmark Process Environment Information:
// BenchmarkDotNet v0.14.0
// Runtime=.NET 8.0.22 (8.0.2225.52707), X64 RyuJIT AVX2
// GC=Concurrent Workstation
// HardwareIntrinsics=AVX2,AES,BMI1,BMI2,FMA,LZCNT,PCLMUL,POPCNT,AvxVnni,SERIALIZE VectorSize=256
// Job: .NET 8.0

OverheadJitting  1: 1 op, 288600.00 ns, 288.6000 us/op
WorkloadJitting  1: 1 op, 1682300.00 ns, 1.6823 ms/op

OverheadJitting  2: 16 op, 247300.00 ns, 15.4563 us/op
WorkloadJitting  2: 16 op, 1494900.00 ns, 93.4313 us/op

WorkloadPilot    1: 16 op, 1122500.00 ns, 70.1563 us/op
WorkloadPilot    2: 32 op, 2824700.00 ns, 88.2719 us/op
WorkloadPilot    3: 64 op, 5058700.00 ns, 79.0422 us/op
WorkloadPilot    4: 128 op, 10317800.00 ns, 80.6078 us/op
WorkloadPilot    5: 256 op, 19123200.00 ns, 74.7000 us/op
WorkloadPilot    6: 512 op, 35568600.00 ns, 69.4699 us/op
WorkloadPilot    7: 1024 op, 65912900.00 ns, 64.3681 us/op
WorkloadPilot    8: 2048 op, 94260200.00 ns, 46.0255 us/op
WorkloadPilot    9: 4096 op, 121373100.00 ns, 29.6321 us/op
WorkloadPilot   10: 8192 op, 123670200.00 ns, 15.0965 us/op
WorkloadPilot   11: 16384 op, 199926300.00 ns, 12.2025 us/op
WorkloadPilot   12: 32768 op, 397935700.00 ns, 12.1440 us/op
WorkloadPilot   13: 65536 op, 799814800.00 ns, 12.2042 us/op

OverheadWarmup   1: 65536 op, 130100.00 ns, 1.9852 ns/op
OverheadWarmup   2: 65536 op, 133400.00 ns, 2.0355 ns/op
OverheadWarmup   3: 65536 op, 188800.00 ns, 2.8809 ns/op
OverheadWarmup   4: 65536 op, 128100.00 ns, 1.9547 ns/op
OverheadWarmup   5: 65536 op, 128400.00 ns, 1.9592 ns/op
OverheadWarmup   6: 65536 op, 128800.00 ns, 1.9653 ns/op
OverheadWarmup   7: 65536 op, 138000.00 ns, 2.1057 ns/op
OverheadWarmup   8: 65536 op, 139300.00 ns, 2.1255 ns/op
OverheadWarmup   9: 65536 op, 127900.00 ns, 1.9516 ns/op

OverheadActual   1: 65536 op, 128800.00 ns, 1.9653 ns/op
OverheadActual   2: 65536 op, 129100.00 ns, 1.9699 ns/op
OverheadActual   3: 65536 op, 128600.00 ns, 1.9623 ns/op
OverheadActual   4: 65536 op, 137600.00 ns, 2.0996 ns/op
OverheadActual   5: 65536 op, 138100.00 ns, 2.1072 ns/op
OverheadActual   6: 65536 op, 128600.00 ns, 1.9623 ns/op
OverheadActual   7: 65536 op, 127900.00 ns, 1.9516 ns/op
OverheadActual   8: 65536 op, 128500.00 ns, 1.9608 ns/op
OverheadActual   9: 65536 op, 139600.00 ns, 2.1301 ns/op
OverheadActual  10: 65536 op, 127900.00 ns, 1.9516 ns/op
OverheadActual  11: 65536 op, 133900.00 ns, 2.0432 ns/op
OverheadActual  12: 65536 op, 128300.00 ns, 1.9577 ns/op
OverheadActual  13: 65536 op, 127800.00 ns, 1.9501 ns/op
OverheadActual  14: 65536 op, 128000.00 ns, 1.9531 ns/op
OverheadActual  15: 65536 op, 133600.00 ns, 2.0386 ns/op

WorkloadWarmup   1: 65536 op, 842119300.00 ns, 12.8497 us/op
WorkloadWarmup   2: 65536 op, 1006191100.00 ns, 15.3533 us/op
WorkloadWarmup   3: 65536 op, 1037371800.00 ns, 15.8290 us/op
WorkloadWarmup   4: 65536 op, 1031204500.00 ns, 15.7349 us/op
WorkloadWarmup   5: 65536 op, 1040905100.00 ns, 15.8830 us/op
WorkloadWarmup   6: 65536 op, 1039867100.00 ns, 15.8671 us/op

// BeforeActualRun
WorkloadActual   1: 65536 op, 1036946800.00 ns, 15.8226 us/op
WorkloadActual   2: 65536 op, 1022960500.00 ns, 15.6091 us/op
WorkloadActual   3: 65536 op, 1019927000.00 ns, 15.5629 us/op
WorkloadActual   4: 65536 op, 1026111400.00 ns, 15.6572 us/op
WorkloadActual   5: 65536 op, 984397300.00 ns, 15.0207 us/op
WorkloadActual   6: 65536 op, 995869400.00 ns, 15.1958 us/op
WorkloadActual   7: 65536 op, 1019186800.00 ns, 15.5516 us/op
WorkloadActual   8: 65536 op, 1019208000.00 ns, 15.5519 us/op
WorkloadActual   9: 65536 op, 1025081600.00 ns, 15.6415 us/op
WorkloadActual  10: 65536 op, 1021886500.00 ns, 15.5928 us/op
WorkloadActual  11: 65536 op, 1021972700.00 ns, 15.5941 us/op
WorkloadActual  12: 65536 op, 1021141200.00 ns, 15.5814 us/op
WorkloadActual  13: 65536 op, 1024928800.00 ns, 15.6392 us/op
WorkloadActual  14: 65536 op, 1023530800.00 ns, 15.6178 us/op
WorkloadActual  15: 65536 op, 1021196100.00 ns, 15.5822 us/op

// AfterActualRun
WorkloadResult   1: 65536 op, 1022831900.00 ns, 15.6072 us/op
WorkloadResult   2: 65536 op, 1019798400.00 ns, 15.5609 us/op
WorkloadResult   3: 65536 op, 1025982800.00 ns, 15.6553 us/op
WorkloadResult   4: 65536 op, 984268700.00 ns, 15.0187 us/op
WorkloadResult   5: 65536 op, 995740800.00 ns, 15.1938 us/op
WorkloadResult   6: 65536 op, 1019058200.00 ns, 15.5496 us/op
WorkloadResult   7: 65536 op, 1019079400.00 ns, 15.5499 us/op
WorkloadResult   8: 65536 op, 1024953000.00 ns, 15.6395 us/op
WorkloadResult   9: 65536 op, 1021757900.00 ns, 15.5908 us/op
WorkloadResult  10: 65536 op, 1021844100.00 ns, 15.5921 us/op
WorkloadResult  11: 65536 op, 1021012600.00 ns, 15.5794 us/op
WorkloadResult  12: 65536 op, 1024800200.00 ns, 15.6372 us/op
WorkloadResult  13: 65536 op, 1023402200.00 ns, 15.6159 us/op
WorkloadResult  14: 65536 op, 1021067500.00 ns, 15.5803 us/op
// GC:  171 15 0 2686976736 65536
// Threading:  0 0 65536

// AfterAll
// Benchmark Process 6500 has exited with code 0.

Mean = 15.526 μs, StdErr = 0.049 μs (0.32%), N = 14, StdDev = 0.184 μs
Min = 15.019 μs, Q1 = 15.553 μs, Median = 15.586 μs, Q3 = 15.614 μs, Max = 15.655 μs
IQR = 0.061 μs, LowerFence = 15.461 μs, UpperFence = 15.705 μs
ConfidenceInterval = [15.319 μs; 15.734 μs] (CI 99.9%), Margin = 0.208 μs (1.34% of Mean)
Skewness = -1.84, Kurtosis = 4.93, MValue = 2

// ** Remained 26 (81,2 %) benchmark(s) to run. Estimated finish 2026-05-29 21:04 (0h 20m from now) **
Setup power plan (GUID: 8c5e7fda-e8bf-4a96-9a85-a6e23a8c635c FriendlyName: Alto rendimiento)
// **************************
// Benchmark: FlagStoreBenchmarks.Get_AllFlags: .NET 8.0(Runtime=.NET 8.0) [FlagCount=100]
// *** Execute ***
// Launch: 1 / 1
// Execute: dotnet aa0c72c8-782f-4e5d-b357-a1c5d5f4f806.dll --anonymousPipes 1848 1856 --benchmarkName "ConsoleEngine.Benchmarks.FlagStoreBenchmarks.Get_AllFlags(FlagCount: 100)" --job ".NET 8.0" --benchmarkId 6 in C:\Users\maxli\ConsoleEngine\src\ConsoleEngine.Benchmarks\bin\Release\net8.0\aa0c72c8-782f-4e5d-b357-a1c5d5f4f806\bin\Release\net8.0
// BeforeAnythingElse

// Benchmark Process Environment Information:
// BenchmarkDotNet v0.14.0
// Runtime=.NET 8.0.22 (8.0.2225.52707), X64 RyuJIT AVX2
// GC=Concurrent Workstation
// HardwareIntrinsics=AVX2,AES,BMI1,BMI2,FMA,LZCNT,PCLMUL,POPCNT,AvxVnni,SERIALIZE VectorSize=256
// Job: .NET 8.0

OverheadJitting  1: 1 op, 115600.00 ns, 115.6000 us/op
WorkloadJitting  1: 1 op, 1758900.00 ns, 1.7589 ms/op

OverheadJitting  2: 16 op, 115200.00 ns, 7.2000 us/op
WorkloadJitting  2: 16 op, 686500.00 ns, 42.9063 us/op

WorkloadPilot    1: 16 op, 608500.00 ns, 38.0313 us/op
WorkloadPilot    2: 32 op, 1312500.00 ns, 41.0156 us/op
WorkloadPilot    3: 64 op, 2288800.00 ns, 35.7625 us/op
WorkloadPilot    4: 128 op, 4628900.00 ns, 36.1633 us/op
WorkloadPilot    5: 256 op, 9156500.00 ns, 35.7676 us/op
WorkloadPilot    6: 512 op, 18682500.00 ns, 36.4893 us/op
WorkloadPilot    7: 1024 op, 36756700.00 ns, 35.8952 us/op
WorkloadPilot    8: 2048 op, 71688500.00 ns, 35.0042 us/op
WorkloadPilot    9: 4096 op, 143407500.00 ns, 35.0116 us/op
WorkloadPilot   10: 8192 op, 141319400.00 ns, 17.2509 us/op
WorkloadPilot   11: 16384 op, 129993500.00 ns, 7.9342 us/op
WorkloadPilot   12: 32768 op, 273008600.00 ns, 8.3316 us/op
WorkloadPilot   13: 65536 op, 542956700.00 ns, 8.2849 us/op

OverheadWarmup   1: 65536 op, 89400.00 ns, 1.3641 ns/op
OverheadWarmup   2: 65536 op, 110500.00 ns, 1.6861 ns/op
OverheadWarmup   3: 65536 op, 83800.00 ns, 1.2787 ns/op
OverheadWarmup   4: 65536 op, 112600.00 ns, 1.7181 ns/op
OverheadWarmup   5: 65536 op, 88800.00 ns, 1.3550 ns/op

OverheadActual   1: 65536 op, 93700.00 ns, 1.4297 ns/op
OverheadActual   2: 65536 op, 84600.00 ns, 1.2909 ns/op
OverheadActual   3: 65536 op, 103300.00 ns, 1.5762 ns/op
OverheadActual   4: 65536 op, 101600.00 ns, 1.5503 ns/op
OverheadActual   5: 65536 op, 100200.00 ns, 1.5289 ns/op
OverheadActual   6: 65536 op, 113600.00 ns, 1.7334 ns/op
OverheadActual   7: 65536 op, 88800.00 ns, 1.3550 ns/op
OverheadActual   8: 65536 op, 82000.00 ns, 1.2512 ns/op
OverheadActual   9: 65536 op, 87700.00 ns, 1.3382 ns/op
OverheadActual  10: 65536 op, 83100.00 ns, 1.2680 ns/op
OverheadActual  11: 65536 op, 81600.00 ns, 1.2451 ns/op
OverheadActual  12: 65536 op, 85500.00 ns, 1.3046 ns/op
OverheadActual  13: 65536 op, 83700.00 ns, 1.2772 ns/op
OverheadActual  14: 65536 op, 102000.00 ns, 1.5564 ns/op
OverheadActual  15: 65536 op, 112900.00 ns, 1.7227 ns/op
OverheadActual  16: 65536 op, 82900.00 ns, 1.2650 ns/op
OverheadActual  17: 65536 op, 80700.00 ns, 1.2314 ns/op
OverheadActual  18: 65536 op, 95100.00 ns, 1.4511 ns/op
OverheadActual  19: 65536 op, 84000.00 ns, 1.2817 ns/op
OverheadActual  20: 65536 op, 87800.00 ns, 1.3397 ns/op

WorkloadWarmup   1: 65536 op, 513177300.00 ns, 7.8305 us/op
WorkloadWarmup   2: 65536 op, 484219500.00 ns, 7.3886 us/op
WorkloadWarmup   3: 65536 op, 479098000.00 ns, 7.3105 us/op
WorkloadWarmup   4: 65536 op, 661176600.00 ns, 10.0888 us/op
WorkloadWarmup   5: 65536 op, 659551400.00 ns, 10.0640 us/op
WorkloadWarmup   6: 65536 op, 657205700.00 ns, 10.0282 us/op
WorkloadWarmup   7: 65536 op, 657231500.00 ns, 10.0286 us/op
WorkloadWarmup   8: 65536 op, 662536000.00 ns, 10.1095 us/op
WorkloadWarmup   9: 65536 op, 664188500.00 ns, 10.1347 us/op
WorkloadWarmup  10: 65536 op, 665083500.00 ns, 10.1484 us/op
WorkloadWarmup  11: 65536 op, 662641500.00 ns, 10.1111 us/op

// BeforeActualRun
WorkloadActual   1: 65536 op, 658665300.00 ns, 10.0504 us/op
WorkloadActual   2: 65536 op, 655606700.00 ns, 10.0038 us/op
WorkloadActual   3: 65536 op, 655608700.00 ns, 10.0038 us/op
WorkloadActual   4: 65536 op, 656233300.00 ns, 10.0133 us/op
WorkloadActual   5: 65536 op, 656414800.00 ns, 10.0161 us/op
WorkloadActual   6: 65536 op, 659485100.00 ns, 10.0629 us/op
WorkloadActual   7: 65536 op, 654040200.00 ns, 9.9799 us/op
WorkloadActual   8: 65536 op, 656599400.00 ns, 10.0189 us/op
WorkloadActual   9: 65536 op, 657489600.00 ns, 10.0325 us/op
WorkloadActual  10: 65536 op, 657187400.00 ns, 10.0279 us/op
WorkloadActual  11: 65536 op, 655251300.00 ns, 9.9983 us/op
WorkloadActual  12: 65536 op, 656187300.00 ns, 10.0126 us/op
WorkloadActual  13: 65536 op, 657107500.00 ns, 10.0267 us/op
WorkloadActual  14: 65536 op, 657586600.00 ns, 10.0340 us/op
WorkloadActual  15: 65536 op, 655887600.00 ns, 10.0081 us/op

// AfterActualRun
WorkloadResult   1: 65536 op, 658577550.00 ns, 10.0491 us/op
WorkloadResult   2: 65536 op, 655518950.00 ns, 10.0024 us/op
WorkloadResult   3: 65536 op, 655520950.00 ns, 10.0025 us/op
WorkloadResult   4: 65536 op, 656145550.00 ns, 10.0120 us/op
WorkloadResult   5: 65536 op, 656327050.00 ns, 10.0148 us/op
WorkloadResult   6: 65536 op, 659397350.00 ns, 10.0616 us/op
WorkloadResult   7: 65536 op, 653952450.00 ns, 9.9785 us/op
WorkloadResult   8: 65536 op, 656511650.00 ns, 10.0176 us/op
WorkloadResult   9: 65536 op, 657401850.00 ns, 10.0312 us/op
WorkloadResult  10: 65536 op, 657099650.00 ns, 10.0265 us/op
WorkloadResult  11: 65536 op, 655163550.00 ns, 9.9970 us/op
WorkloadResult  12: 65536 op, 656099550.00 ns, 10.0113 us/op
WorkloadResult  13: 65536 op, 657019750.00 ns, 10.0253 us/op
WorkloadResult  14: 65536 op, 657498850.00 ns, 10.0326 us/op
WorkloadResult  15: 65536 op, 655799850.00 ns, 10.0067 us/op
// GC:  25 0 0 403702496 65536
// Threading:  0 0 65536

// AfterAll
// Benchmark Process 12244 has exited with code 0.

Mean = 10.018 μs, StdErr = 0.005 μs (0.05%), N = 15, StdDev = 0.021 μs
Min = 9.979 μs, Q1 = 10.005 μs, Median = 10.015 μs, Q3 = 10.029 μs, Max = 10.062 μs
IQR = 0.024 μs, LowerFence = 9.968 μs, UpperFence = 10.065 μs
ConfidenceInterval = [9.996 μs; 10.040 μs] (CI 99.9%), Margin = 0.022 μs (0.22% of Mean)
Skewness = 0.3, Kurtosis = 2.61, MValue = 2

// ** Remained 25 (78,1 %) benchmark(s) to run. Estimated finish 2026-05-29 21:02 (0h 18m from now) **
Setup power plan (GUID: 8c5e7fda-e8bf-4a96-9a85-a6e23a8c635c FriendlyName: Alto rendimiento)
// **************************
// Benchmark: FlagStoreBenchmarks.Set_AllFlags: .NET 8.0(Runtime=.NET 8.0) [FlagCount=100]
// *** Execute ***
// Launch: 1 / 1
// Execute: dotnet aa0c72c8-782f-4e5d-b357-a1c5d5f4f806.dll --anonymousPipes 1372 1812 --benchmarkName "ConsoleEngine.Benchmarks.FlagStoreBenchmarks.Set_AllFlags(FlagCount: 100)" --job ".NET 8.0" --benchmarkId 7 in C:\Users\maxli\ConsoleEngine\src\ConsoleEngine.Benchmarks\bin\Release\net8.0\aa0c72c8-782f-4e5d-b357-a1c5d5f4f806\bin\Release\net8.0
// BeforeAnythingElse

// Benchmark Process Environment Information:
// BenchmarkDotNet v0.14.0
// Runtime=.NET 8.0.22 (8.0.2225.52707), X64 RyuJIT AVX2
// GC=Concurrent Workstation
// HardwareIntrinsics=AVX2,AES,BMI1,BMI2,FMA,LZCNT,PCLMUL,POPCNT,AvxVnni,SERIALIZE VectorSize=256
// Job: .NET 8.0

OverheadJitting  1: 1 op, 112800.00 ns, 112.8000 us/op
WorkloadJitting  1: 1 op, 221600.00 ns, 221.6000 us/op

OverheadJitting  2: 16 op, 114300.00 ns, 7.1438 us/op
WorkloadJitting  2: 16 op, 975000.00 ns, 60.9375 us/op

WorkloadPilot    1: 16 op, 1085600.00 ns, 67.8500 us/op
WorkloadPilot    2: 32 op, 1545100.00 ns, 48.2844 us/op
WorkloadPilot    3: 64 op, 3900400.00 ns, 60.9438 us/op
WorkloadPilot    4: 128 op, 6275300.00 ns, 49.0258 us/op
WorkloadPilot    5: 256 op, 12669000.00 ns, 49.4883 us/op
WorkloadPilot    6: 512 op, 25053000.00 ns, 48.9316 us/op
WorkloadPilot    7: 1024 op, 41636500.00 ns, 40.6606 us/op
WorkloadPilot    8: 2048 op, 92431700.00 ns, 45.1327 us/op
WorkloadPilot    9: 4096 op, 163322400.00 ns, 39.8736 us/op
WorkloadPilot   10: 8192 op, 129020800.00 ns, 15.7496 us/op
WorkloadPilot   11: 16384 op, 211879500.00 ns, 12.9321 us/op
WorkloadPilot   12: 32768 op, 405949500.00 ns, 12.3886 us/op
WorkloadPilot   13: 65536 op, 803217900.00 ns, 12.2561 us/op

OverheadWarmup   1: 65536 op, 89600.00 ns, 1.3672 ns/op
OverheadWarmup   2: 65536 op, 81300.00 ns, 1.2405 ns/op
OverheadWarmup   3: 65536 op, 80200.00 ns, 1.2238 ns/op
OverheadWarmup   4: 65536 op, 91300.00 ns, 1.3931 ns/op
OverheadWarmup   5: 65536 op, 108500.00 ns, 1.6556 ns/op
OverheadWarmup   6: 65536 op, 94200.00 ns, 1.4374 ns/op
OverheadWarmup   7: 65536 op, 113000.00 ns, 1.7242 ns/op
OverheadWarmup   8: 65536 op, 77200.00 ns, 1.1780 ns/op

OverheadActual   1: 65536 op, 76500.00 ns, 1.1673 ns/op
OverheadActual   2: 65536 op, 86100.00 ns, 1.3138 ns/op
OverheadActual   3: 65536 op, 86300.00 ns, 1.3168 ns/op
OverheadActual   4: 65536 op, 113100.00 ns, 1.7258 ns/op
OverheadActual   5: 65536 op, 89700.00 ns, 1.3687 ns/op
OverheadActual   6: 65536 op, 82900.00 ns, 1.2650 ns/op
OverheadActual   7: 65536 op, 78300.00 ns, 1.1948 ns/op
OverheadActual   8: 65536 op, 119300.00 ns, 1.8204 ns/op
OverheadActual   9: 65536 op, 129800.00 ns, 1.9806 ns/op
OverheadActual  10: 65536 op, 80100.00 ns, 1.2222 ns/op
OverheadActual  11: 65536 op, 81500.00 ns, 1.2436 ns/op
OverheadActual  12: 65536 op, 93100.00 ns, 1.4206 ns/op
OverheadActual  13: 65536 op, 80400.00 ns, 1.2268 ns/op
OverheadActual  14: 65536 op, 78400.00 ns, 1.1963 ns/op
OverheadActual  15: 65536 op, 92000.00 ns, 1.4038 ns/op
OverheadActual  16: 65536 op, 106200.00 ns, 1.6205 ns/op
OverheadActual  17: 65536 op, 81700.00 ns, 1.2466 ns/op
OverheadActual  18: 65536 op, 83500.00 ns, 1.2741 ns/op
OverheadActual  19: 65536 op, 84800.00 ns, 1.2939 ns/op
OverheadActual  20: 65536 op, 76300.00 ns, 1.1642 ns/op

WorkloadWarmup   1: 65536 op, 827099300.00 ns, 12.6205 us/op
WorkloadWarmup   2: 65536 op, 1059129300.00 ns, 16.1610 us/op
WorkloadWarmup   3: 65536 op, 1110469700.00 ns, 16.9444 us/op
WorkloadWarmup   4: 65536 op, 1110163800.00 ns, 16.9398 us/op
WorkloadWarmup   5: 65536 op, 1110169900.00 ns, 16.9398 us/op
WorkloadWarmup   6: 65536 op, 1110506700.00 ns, 16.9450 us/op
WorkloadWarmup   7: 65536 op, 1118506300.00 ns, 17.0671 us/op
WorkloadWarmup   8: 65536 op, 1113378400.00 ns, 16.9888 us/op

// BeforeActualRun
WorkloadActual   1: 65536 op, 1110160800.00 ns, 16.9397 us/op
WorkloadActual   2: 65536 op, 1102392900.00 ns, 16.8212 us/op
WorkloadActual   3: 65536 op, 1111464100.00 ns, 16.9596 us/op
WorkloadActual   4: 65536 op, 1102192800.00 ns, 16.8181 us/op
WorkloadActual   5: 65536 op, 1102499700.00 ns, 16.8228 us/op
WorkloadActual   6: 65536 op, 1106560800.00 ns, 16.8848 us/op
WorkloadActual   7: 65536 op, 1103985200.00 ns, 16.8455 us/op
WorkloadActual   8: 65536 op, 1101427600.00 ns, 16.8065 us/op
WorkloadActual   9: 65536 op, 1100663200.00 ns, 16.7948 us/op
WorkloadActual  10: 65536 op, 1101353000.00 ns, 16.8053 us/op
WorkloadActual  11: 65536 op, 1101833000.00 ns, 16.8126 us/op
WorkloadActual  12: 65536 op, 1092362300.00 ns, 16.6681 us/op
WorkloadActual  13: 65536 op, 1097533600.00 ns, 16.7470 us/op
WorkloadActual  14: 65536 op, 1101398100.00 ns, 16.8060 us/op
WorkloadActual  15: 65536 op, 1101789100.00 ns, 16.8120 us/op

// AfterActualRun
WorkloadResult   1: 65536 op, 1102308750.00 ns, 16.8199 us/op
WorkloadResult   2: 65536 op, 1102108650.00 ns, 16.8168 us/op
WorkloadResult   3: 65536 op, 1102415550.00 ns, 16.8215 us/op
WorkloadResult   4: 65536 op, 1103901050.00 ns, 16.8442 us/op
WorkloadResult   5: 65536 op, 1101343450.00 ns, 16.8052 us/op
WorkloadResult   6: 65536 op, 1100579050.00 ns, 16.7935 us/op
WorkloadResult   7: 65536 op, 1101268850.00 ns, 16.8040 us/op
WorkloadResult   8: 65536 op, 1101748850.00 ns, 16.8114 us/op
WorkloadResult   9: 65536 op, 1092278150.00 ns, 16.6668 us/op
WorkloadResult  10: 65536 op, 1097449450.00 ns, 16.7457 us/op
WorkloadResult  11: 65536 op, 1101313950.00 ns, 16.8047 us/op
WorkloadResult  12: 65536 op, 1101704950.00 ns, 16.8107 us/op
// GC:  130 11 0 2053636832 65536
// Threading:  0 0 65536

// AfterAll
// Benchmark Process 20184 has exited with code 0.

Mean = 16.795 μs, StdErr = 0.013 μs (0.08%), N = 12, StdDev = 0.047 μs
Min = 16.667 μs, Q1 = 16.801 μs, Median = 16.808 μs, Q3 = 16.818 μs, Max = 16.844 μs
IQR = 0.016 μs, LowerFence = 16.777 μs, UpperFence = 16.842 μs
ConfidenceInterval = [16.736 μs; 16.855 μs] (CI 99.9%), Margin = 0.060 μs (0.36% of Mean)
Skewness = -1.71, Kurtosis = 5.06, MValue = 2

// ** Remained 24 (75,0 %) benchmark(s) to run. Estimated finish 2026-05-29 21:01 (0h 16m from now) **
Setup power plan (GUID: 8c5e7fda-e8bf-4a96-9a85-a6e23a8c635c FriendlyName: Alto rendimiento)
// **************************
// Benchmark: FlagStoreBenchmarks.ToJson: .NET 8.0(Runtime=.NET 8.0) [FlagCount=1000]
// *** Execute ***
// Launch: 1 / 1
// Execute: dotnet aa0c72c8-782f-4e5d-b357-a1c5d5f4f806.dll --anonymousPipes 1768 1776 --benchmarkName "ConsoleEngine.Benchmarks.FlagStoreBenchmarks.ToJson(FlagCount: 1000)" --job ".NET 8.0" --benchmarkId 8 in C:\Users\maxli\ConsoleEngine\src\ConsoleEngine.Benchmarks\bin\Release\net8.0\aa0c72c8-782f-4e5d-b357-a1c5d5f4f806\bin\Release\net8.0
// BeforeAnythingElse

// Benchmark Process Environment Information:
// BenchmarkDotNet v0.14.0
// Runtime=.NET 8.0.22 (8.0.2225.52707), X64 RyuJIT AVX2
// GC=Concurrent Workstation
// HardwareIntrinsics=AVX2,AES,BMI1,BMI2,FMA,LZCNT,PCLMUL,POPCNT,AvxVnni,SERIALIZE VectorSize=256
// Job: .NET 8.0

OverheadJitting  1: 1 op, 153300.00 ns, 153.3000 us/op
WorkloadJitting  1: 1 op, 337500.00 ns, 337.5000 us/op

OverheadJitting  2: 16 op, 254200.00 ns, 15.8875 us/op
WorkloadJitting  2: 16 op, 3648600.00 ns, 228.0375 us/op

WorkloadPilot    1: 16 op, 2061900.00 ns, 128.8688 us/op
WorkloadPilot    2: 32 op, 4006700.00 ns, 125.2094 us/op
WorkloadPilot    3: 64 op, 8098900.00 ns, 126.5453 us/op
WorkloadPilot    4: 128 op, 16396600.00 ns, 128.0984 us/op
WorkloadPilot    5: 256 op, 32921600.00 ns, 128.6000 us/op
WorkloadPilot    6: 512 op, 61491200.00 ns, 120.1000 us/op
WorkloadPilot    7: 1024 op, 108201800.00 ns, 105.6658 us/op
WorkloadPilot    8: 2048 op, 150636200.00 ns, 73.5528 us/op
WorkloadPilot    9: 4096 op, 121258700.00 ns, 29.6042 us/op
WorkloadPilot   10: 8192 op, 215144400.00 ns, 26.2627 us/op
WorkloadPilot   11: 16384 op, 440654400.00 ns, 26.8954 us/op
WorkloadPilot   12: 32768 op, 888598400.00 ns, 27.1179 us/op

OverheadWarmup   1: 32768 op, 64900.00 ns, 1.9806 ns/op
OverheadWarmup   2: 32768 op, 63000.00 ns, 1.9226 ns/op
OverheadWarmup   3: 32768 op, 58700.00 ns, 1.7914 ns/op
OverheadWarmup   4: 32768 op, 58600.00 ns, 1.7883 ns/op
OverheadWarmup   5: 32768 op, 64200.00 ns, 1.9592 ns/op
OverheadWarmup   6: 32768 op, 58000.00 ns, 1.7700 ns/op
OverheadWarmup   7: 32768 op, 58300.00 ns, 1.7792 ns/op
OverheadWarmup   8: 32768 op, 57900.00 ns, 1.7670 ns/op

OverheadActual   1: 32768 op, 58700.00 ns, 1.7914 ns/op
OverheadActual   2: 32768 op, 58500.00 ns, 1.7853 ns/op
OverheadActual   3: 32768 op, 63400.00 ns, 1.9348 ns/op
OverheadActual   4: 32768 op, 58200.00 ns, 1.7761 ns/op
OverheadActual   5: 32768 op, 63600.00 ns, 1.9409 ns/op
OverheadActual   6: 32768 op, 58300.00 ns, 1.7792 ns/op
OverheadActual   7: 32768 op, 58400.00 ns, 1.7822 ns/op
OverheadActual   8: 32768 op, 61500.00 ns, 1.8768 ns/op
OverheadActual   9: 32768 op, 58900.00 ns, 1.7975 ns/op
OverheadActual  10: 32768 op, 58100.00 ns, 1.7731 ns/op
OverheadActual  11: 32768 op, 58200.00 ns, 1.7761 ns/op
OverheadActual  12: 32768 op, 58000.00 ns, 1.7700 ns/op
OverheadActual  13: 32768 op, 58100.00 ns, 1.7731 ns/op
OverheadActual  14: 32768 op, 63200.00 ns, 1.9287 ns/op
OverheadActual  15: 32768 op, 59000.00 ns, 1.8005 ns/op

WorkloadWarmup   1: 32768 op, 865974900.00 ns, 26.4275 us/op
WorkloadWarmup   2: 32768 op, 1288844000.00 ns, 39.3324 us/op
WorkloadWarmup   3: 32768 op, 1282935300.00 ns, 39.1521 us/op
WorkloadWarmup   4: 32768 op, 1286521100.00 ns, 39.2615 us/op
WorkloadWarmup   5: 32768 op, 1279572000.00 ns, 39.0494 us/op
WorkloadWarmup   6: 32768 op, 1282812300.00 ns, 39.1483 us/op

// BeforeActualRun
WorkloadActual   1: 32768 op, 1282254200.00 ns, 39.1313 us/op
WorkloadActual   2: 32768 op, 1270569000.00 ns, 38.7747 us/op
WorkloadActual   3: 32768 op, 1284345600.00 ns, 39.1951 us/op
WorkloadActual   4: 32768 op, 1280120800.00 ns, 39.0662 us/op
WorkloadActual   5: 32768 op, 1269324000.00 ns, 38.7367 us/op
WorkloadActual   6: 32768 op, 1271079400.00 ns, 38.7903 us/op
WorkloadActual   7: 32768 op, 1260936000.00 ns, 38.4807 us/op
WorkloadActual   8: 32768 op, 1240185900.00 ns, 37.8475 us/op
WorkloadActual   9: 32768 op, 1251470100.00 ns, 38.1918 us/op
WorkloadActual  10: 32768 op, 1270483800.00 ns, 38.7721 us/op
WorkloadActual  11: 32768 op, 1281128500.00 ns, 39.0969 us/op
WorkloadActual  12: 32768 op, 1276372400.00 ns, 38.9518 us/op
WorkloadActual  13: 32768 op, 1266372600.00 ns, 38.6466 us/op
WorkloadActual  14: 32768 op, 1272808100.00 ns, 38.8430 us/op
WorkloadActual  15: 32768 op, 1271084400.00 ns, 38.7904 us/op

// AfterActualRun
WorkloadResult   1: 32768 op, 1282195700.00 ns, 39.1295 us/op
WorkloadResult   2: 32768 op, 1270510500.00 ns, 38.7729 us/op
WorkloadResult   3: 32768 op, 1284287100.00 ns, 39.1933 us/op
WorkloadResult   4: 32768 op, 1280062300.00 ns, 39.0644 us/op
WorkloadResult   5: 32768 op, 1269265500.00 ns, 38.7349 us/op
WorkloadResult   6: 32768 op, 1271020900.00 ns, 38.7885 us/op
WorkloadResult   7: 32768 op, 1260877500.00 ns, 38.4789 us/op
WorkloadResult   8: 32768 op, 1240127400.00 ns, 37.8457 us/op
WorkloadResult   9: 32768 op, 1251411600.00 ns, 38.1901 us/op
WorkloadResult  10: 32768 op, 1270425300.00 ns, 38.7703 us/op
WorkloadResult  11: 32768 op, 1281070000.00 ns, 39.0952 us/op
WorkloadResult  12: 32768 op, 1276313900.00 ns, 38.9500 us/op
WorkloadResult  13: 32768 op, 1266314100.00 ns, 38.6448 us/op
WorkloadResult  14: 32768 op, 1272749600.00 ns, 38.8412 us/op
WorkloadResult  15: 32768 op, 1271025900.00 ns, 38.7886 us/op
// GC:  113 0 0 1791492832 32768
// Threading:  0 0 32768

// AfterAll
// Benchmark Process 48084 has exited with code 0.

Mean = 38.753 μs, StdErr = 0.093 μs (0.24%), N = 15, StdDev = 0.361 μs
Min = 37.846 μs, Q1 = 38.690 μs, Median = 38.788 μs, Q3 = 39.007 μs, Max = 39.193 μs
IQR = 0.317 μs, LowerFence = 38.214 μs, UpperFence = 39.483 μs
ConfidenceInterval = [38.366 μs; 39.139 μs] (CI 99.9%), Margin = 0.386 μs (1.00% of Mean)
Skewness = -1.03, Kurtosis = 3.39, MValue = 2

// ** Remained 23 (71,9 %) benchmark(s) to run. Estimated finish 2026-05-29 21:00 (0h 15m from now) **
Setup power plan (GUID: 8c5e7fda-e8bf-4a96-9a85-a6e23a8c635c FriendlyName: Alto rendimiento)
// **************************
// Benchmark: FlagStoreBenchmarks.FromJson: .NET 8.0(Runtime=.NET 8.0) [FlagCount=1000]
// *** Execute ***
// Launch: 1 / 1
// Execute: dotnet aa0c72c8-782f-4e5d-b357-a1c5d5f4f806.dll --anonymousPipes 1744 1764 --benchmarkName "ConsoleEngine.Benchmarks.FlagStoreBenchmarks.FromJson(FlagCount: 1000)" --job ".NET 8.0" --benchmarkId 9 in C:\Users\maxli\ConsoleEngine\src\ConsoleEngine.Benchmarks\bin\Release\net8.0\aa0c72c8-782f-4e5d-b357-a1c5d5f4f806\bin\Release\net8.0
// BeforeAnythingElse

// Benchmark Process Environment Information:
// BenchmarkDotNet v0.14.0
// Runtime=.NET 8.0.22 (8.0.2225.52707), X64 RyuJIT AVX2
// GC=Concurrent Workstation
// HardwareIntrinsics=AVX2,AES,BMI1,BMI2,FMA,LZCNT,PCLMUL,POPCNT,AvxVnni,SERIALIZE VectorSize=256
// Job: .NET 8.0

OverheadJitting  1: 1 op, 373700.00 ns, 373.7000 us/op
WorkloadJitting  1: 1 op, 2456300.00 ns, 2.4563 ms/op

OverheadJitting  2: 16 op, 252500.00 ns, 15.7813 us/op
WorkloadJitting  2: 16 op, 15784000.00 ns, 986.5000 us/op

WorkloadPilot    1: 16 op, 11079800.00 ns, 692.4875 us/op
WorkloadPilot    2: 32 op, 21680100.00 ns, 677.5031 us/op
WorkloadPilot    3: 64 op, 42828500.00 ns, 669.1953 us/op
WorkloadPilot    4: 128 op, 80319400.00 ns, 627.4953 us/op
WorkloadPilot    5: 256 op, 141967300.00 ns, 554.5598 us/op
WorkloadPilot    6: 512 op, 155469200.00 ns, 303.6508 us/op
WorkloadPilot    7: 1024 op, 140106500.00 ns, 136.8228 us/op
WorkloadPilot    8: 2048 op, 251384600.00 ns, 122.7464 us/op
WorkloadPilot    9: 4096 op, 507609900.00 ns, 123.9282 us/op

OverheadWarmup   1: 4096 op, 9900.00 ns, 2.4170 ns/op
OverheadWarmup   2: 4096 op, 7800.00 ns, 1.9043 ns/op
OverheadWarmup   3: 4096 op, 7500.00 ns, 1.8311 ns/op
OverheadWarmup   4: 4096 op, 16000.00 ns, 3.9063 ns/op
OverheadWarmup   5: 4096 op, 7600.00 ns, 1.8555 ns/op
OverheadWarmup   6: 4096 op, 7500.00 ns, 1.8311 ns/op
OverheadWarmup   7: 4096 op, 7800.00 ns, 1.9043 ns/op
OverheadWarmup   8: 4096 op, 7700.00 ns, 1.8799 ns/op

OverheadActual   1: 4096 op, 8200.00 ns, 2.0020 ns/op
OverheadActual   2: 4096 op, 8200.00 ns, 2.0020 ns/op
OverheadActual   3: 4096 op, 8400.00 ns, 2.0508 ns/op
OverheadActual   4: 4096 op, 7400.00 ns, 1.8066 ns/op
OverheadActual   5: 4096 op, 8000.00 ns, 1.9531 ns/op
OverheadActual   6: 4096 op, 7700.00 ns, 1.8799 ns/op
OverheadActual   7: 4096 op, 7400.00 ns, 1.8066 ns/op
OverheadActual   8: 4096 op, 7400.00 ns, 1.8066 ns/op
OverheadActual   9: 4096 op, 8900.00 ns, 2.1729 ns/op
OverheadActual  10: 4096 op, 7400.00 ns, 1.8066 ns/op
OverheadActual  11: 4096 op, 7500.00 ns, 1.8311 ns/op
OverheadActual  12: 4096 op, 7500.00 ns, 1.8311 ns/op
OverheadActual  13: 4096 op, 7400.00 ns, 1.8066 ns/op
OverheadActual  14: 4096 op, 8000.00 ns, 1.9531 ns/op
OverheadActual  15: 4096 op, 7800.00 ns, 1.9043 ns/op
OverheadActual  16: 4096 op, 7400.00 ns, 1.8066 ns/op
OverheadActual  17: 4096 op, 8300.00 ns, 2.0264 ns/op
OverheadActual  18: 4096 op, 8400.00 ns, 2.0508 ns/op
OverheadActual  19: 4096 op, 7400.00 ns, 1.8066 ns/op
OverheadActual  20: 4096 op, 8500.00 ns, 2.0752 ns/op

WorkloadWarmup   1: 4096 op, 519305300.00 ns, 126.7835 us/op
WorkloadWarmup   2: 4096 op, 539730000.00 ns, 131.7700 us/op
WorkloadWarmup   3: 4096 op, 549823300.00 ns, 134.2342 us/op
WorkloadWarmup   4: 4096 op, 664570300.00 ns, 162.2486 us/op
WorkloadWarmup   5: 4096 op, 665660700.00 ns, 162.5148 us/op
WorkloadWarmup   6: 4096 op, 661045600.00 ns, 161.3881 us/op
WorkloadWarmup   7: 4096 op, 665570900.00 ns, 162.4929 us/op
WorkloadWarmup   8: 4096 op, 664002800.00 ns, 162.1101 us/op

// BeforeActualRun
WorkloadActual   1: 4096 op, 669233800.00 ns, 163.3872 us/op
WorkloadActual   2: 4096 op, 663198300.00 ns, 161.9136 us/op
WorkloadActual   3: 4096 op, 661079400.00 ns, 161.3963 us/op
WorkloadActual   4: 4096 op, 666392400.00 ns, 162.6935 us/op
WorkloadActual   5: 4096 op, 660282700.00 ns, 161.2018 us/op
WorkloadActual   6: 4096 op, 668633000.00 ns, 163.2405 us/op
WorkloadActual   7: 4096 op, 663157800.00 ns, 161.9038 us/op
WorkloadActual   8: 4096 op, 660576600.00 ns, 161.2736 us/op
WorkloadActual   9: 4096 op, 664062700.00 ns, 162.1247 us/op
WorkloadActual  10: 4096 op, 658937700.00 ns, 160.8735 us/op
WorkloadActual  11: 4096 op, 661867600.00 ns, 161.5888 us/op
WorkloadActual  12: 4096 op, 665017500.00 ns, 162.3578 us/op
WorkloadActual  13: 4096 op, 662591000.00 ns, 161.7654 us/op
WorkloadActual  14: 4096 op, 662284900.00 ns, 161.6906 us/op
WorkloadActual  15: 4096 op, 659020400.00 ns, 160.8937 us/op

// AfterActualRun
WorkloadResult   1: 4096 op, 669226050.00 ns, 163.3853 us/op
WorkloadResult   2: 4096 op, 663190550.00 ns, 161.9118 us/op
WorkloadResult   3: 4096 op, 661071650.00 ns, 161.3944 us/op
WorkloadResult   4: 4096 op, 666384650.00 ns, 162.6916 us/op
WorkloadResult   5: 4096 op, 660274950.00 ns, 161.1999 us/op
WorkloadResult   6: 4096 op, 668625250.00 ns, 163.2386 us/op
WorkloadResult   7: 4096 op, 663150050.00 ns, 161.9019 us/op
WorkloadResult   8: 4096 op, 660568850.00 ns, 161.2717 us/op
WorkloadResult   9: 4096 op, 664054950.00 ns, 162.1228 us/op
WorkloadResult  10: 4096 op, 658929950.00 ns, 160.8716 us/op
WorkloadResult  11: 4096 op, 661859850.00 ns, 161.5869 us/op
WorkloadResult  12: 4096 op, 665009750.00 ns, 162.3559 us/op
WorkloadResult  13: 4096 op, 662583250.00 ns, 161.7635 us/op
WorkloadResult  14: 4096 op, 662277150.00 ns, 161.6888 us/op
WorkloadResult  15: 4096 op, 659012650.00 ns, 160.8918 us/op
// GC:  107 58 0 1687323360 4096
// Threading:  0 0 4096

// AfterAll
// Benchmark Process 29952 has exited with code 0.

Mean = 161.885 μs, StdErr = 0.198 μs (0.12%), N = 15, StdDev = 0.768 μs
Min = 160.872 μs, Q1 = 161.333 μs, Median = 161.763 μs, Q3 = 162.239 μs, Max = 163.385 μs
IQR = 0.906 μs, LowerFence = 159.974 μs, UpperFence = 163.599 μs
ConfidenceInterval = [161.064 μs; 162.706 μs] (CI 99.9%), Margin = 0.821 μs (0.51% of Mean)
Skewness = 0.56, Kurtosis = 2.18, MValue = 2

// ** Remained 22 (68,8 %) benchmark(s) to run. Estimated finish 2026-05-29 20:59 (0h 13m from now) **
Setup power plan (GUID: 8c5e7fda-e8bf-4a96-9a85-a6e23a8c635c FriendlyName: Alto rendimiento)
// **************************
// Benchmark: FlagStoreBenchmarks.Get_AllFlags: .NET 8.0(Runtime=.NET 8.0) [FlagCount=1000]
// *** Execute ***
// Launch: 1 / 1
// Execute: dotnet aa0c72c8-782f-4e5d-b357-a1c5d5f4f806.dll --anonymousPipes 1716 1720 --benchmarkName "ConsoleEngine.Benchmarks.FlagStoreBenchmarks.Get_AllFlags(FlagCount: 1000)" --job ".NET 8.0" --benchmarkId 10 in C:\Users\maxli\ConsoleEngine\src\ConsoleEngine.Benchmarks\bin\Release\net8.0\aa0c72c8-782f-4e5d-b357-a1c5d5f4f806\bin\Release\net8.0
// BeforeAnythingElse

// Benchmark Process Environment Information:
// BenchmarkDotNet v0.14.0
// Runtime=.NET 8.0.22 (8.0.2225.52707), X64 RyuJIT AVX2
// GC=Concurrent Workstation
// HardwareIntrinsics=AVX2,AES,BMI1,BMI2,FMA,LZCNT,PCLMUL,POPCNT,AvxVnni,SERIALIZE VectorSize=256
// Job: .NET 8.0

OverheadJitting  1: 1 op, 119200.00 ns, 119.2000 us/op
WorkloadJitting  1: 1 op, 1893100.00 ns, 1.8931 ms/op

OverheadJitting  2: 16 op, 114500.00 ns, 7.1563 us/op
WorkloadJitting  2: 16 op, 11692400.00 ns, 730.7750 us/op

WorkloadPilot    1: 16 op, 5547800.00 ns, 346.7375 us/op
WorkloadPilot    2: 32 op, 11059500.00 ns, 345.6094 us/op
WorkloadPilot    3: 64 op, 21636900.00 ns, 338.0766 us/op
WorkloadPilot    4: 128 op, 42573000.00 ns, 332.6016 us/op
WorkloadPilot    5: 256 op, 93732100.00 ns, 366.1410 us/op
WorkloadPilot    6: 512 op, 146049300.00 ns, 285.2525 us/op
WorkloadPilot    7: 1024 op, 126433000.00 ns, 123.4697 us/op
WorkloadPilot    8: 2048 op, 163961000.00 ns, 80.0591 us/op
WorkloadPilot    9: 4096 op, 311149700.00 ns, 75.9643 us/op
WorkloadPilot   10: 8192 op, 619919200.00 ns, 75.6737 us/op

OverheadWarmup   1: 8192 op, 12200.00 ns, 1.4893 ns/op
OverheadWarmup   2: 8192 op, 11600.00 ns, 1.4160 ns/op
OverheadWarmup   3: 8192 op, 10500.00 ns, 1.2817 ns/op
OverheadWarmup   4: 8192 op, 10300.00 ns, 1.2573 ns/op
OverheadWarmup   5: 8192 op, 10300.00 ns, 1.2573 ns/op
OverheadWarmup   6: 8192 op, 9800.00 ns, 1.1963 ns/op
OverheadWarmup   7: 8192 op, 12900.00 ns, 1.5747 ns/op
OverheadWarmup   8: 8192 op, 10800.00 ns, 1.3184 ns/op

OverheadActual   1: 8192 op, 11200.00 ns, 1.3672 ns/op
OverheadActual   2: 8192 op, 14300.00 ns, 1.7456 ns/op
OverheadActual   3: 8192 op, 11100.00 ns, 1.3550 ns/op
OverheadActual   4: 8192 op, 11100.00 ns, 1.3550 ns/op
OverheadActual   5: 8192 op, 10700.00 ns, 1.3062 ns/op
OverheadActual   6: 8192 op, 11300.00 ns, 1.3794 ns/op
OverheadActual   7: 8192 op, 10600.00 ns, 1.2939 ns/op
OverheadActual   8: 8192 op, 12000.00 ns, 1.4648 ns/op
OverheadActual   9: 8192 op, 11200.00 ns, 1.3672 ns/op
OverheadActual  10: 8192 op, 12800.00 ns, 1.5625 ns/op
OverheadActual  11: 8192 op, 10600.00 ns, 1.2939 ns/op
OverheadActual  12: 8192 op, 12200.00 ns, 1.4893 ns/op
OverheadActual  13: 8192 op, 12300.00 ns, 1.5015 ns/op
OverheadActual  14: 8192 op, 10500.00 ns, 1.2817 ns/op
OverheadActual  15: 8192 op, 12200.00 ns, 1.4893 ns/op
OverheadActual  16: 8192 op, 12400.00 ns, 1.5137 ns/op
OverheadActual  17: 8192 op, 14200.00 ns, 1.7334 ns/op
OverheadActual  18: 8192 op, 13200.00 ns, 1.6113 ns/op
OverheadActual  19: 8192 op, 10700.00 ns, 1.3062 ns/op
OverheadActual  20: 8192 op, 14000.00 ns, 1.7090 ns/op

WorkloadWarmup   1: 8192 op, 651715900.00 ns, 79.5552 us/op
WorkloadWarmup   2: 8192 op, 617098400.00 ns, 75.3294 us/op
WorkloadWarmup   3: 8192 op, 851510400.00 ns, 103.9441 us/op
WorkloadWarmup   4: 8192 op, 869746700.00 ns, 106.1703 us/op
WorkloadWarmup   5: 8192 op, 872379200.00 ns, 106.4916 us/op
WorkloadWarmup   6: 8192 op, 873004000.00 ns, 106.5679 us/op
WorkloadWarmup   7: 8192 op, 874015100.00 ns, 106.6913 us/op
WorkloadWarmup   8: 8192 op, 873665400.00 ns, 106.6486 us/op
WorkloadWarmup   9: 8192 op, 872409300.00 ns, 106.4953 us/op
WorkloadWarmup  10: 8192 op, 873562700.00 ns, 106.6361 us/op
WorkloadWarmup  11: 8192 op, 873147900.00 ns, 106.5854 us/op

// BeforeActualRun
WorkloadActual   1: 8192 op, 880734400.00 ns, 107.5115 us/op
WorkloadActual   2: 8192 op, 872958200.00 ns, 106.5623 us/op
WorkloadActual   3: 8192 op, 874661500.00 ns, 106.7702 us/op
WorkloadActual   4: 8192 op, 873319500.00 ns, 106.6064 us/op
WorkloadActual   5: 8192 op, 874483800.00 ns, 106.7485 us/op
WorkloadActual   6: 8192 op, 875764400.00 ns, 106.9048 us/op
WorkloadActual   7: 8192 op, 874922800.00 ns, 106.8021 us/op
WorkloadActual   8: 8192 op, 876306100.00 ns, 106.9710 us/op
WorkloadActual   9: 8192 op, 871624100.00 ns, 106.3994 us/op
WorkloadActual  10: 8192 op, 875715200.00 ns, 106.8988 us/op
WorkloadActual  11: 8192 op, 871676500.00 ns, 106.4058 us/op
WorkloadActual  12: 8192 op, 874621500.00 ns, 106.7653 us/op
WorkloadActual  13: 8192 op, 874149700.00 ns, 106.7077 us/op
WorkloadActual  14: 8192 op, 874005600.00 ns, 106.6901 us/op
WorkloadActual  15: 8192 op, 875413700.00 ns, 106.8620 us/op

// AfterActualRun
WorkloadResult   1: 8192 op, 872946550.00 ns, 106.5609 us/op
WorkloadResult   2: 8192 op, 874649850.00 ns, 106.7688 us/op
WorkloadResult   3: 8192 op, 873307850.00 ns, 106.6050 us/op
WorkloadResult   4: 8192 op, 874472150.00 ns, 106.7471 us/op
WorkloadResult   5: 8192 op, 875752750.00 ns, 106.9034 us/op
WorkloadResult   6: 8192 op, 874911150.00 ns, 106.8007 us/op
WorkloadResult   7: 8192 op, 876294450.00 ns, 106.9695 us/op
WorkloadResult   8: 8192 op, 871612450.00 ns, 106.3980 us/op
WorkloadResult   9: 8192 op, 875703550.00 ns, 106.8974 us/op
WorkloadResult  10: 8192 op, 871664850.00 ns, 106.4044 us/op
WorkloadResult  11: 8192 op, 874609850.00 ns, 106.7639 us/op
WorkloadResult  12: 8192 op, 874138050.00 ns, 106.7063 us/op
WorkloadResult  13: 8192 op, 873993950.00 ns, 106.6887 us/op
WorkloadResult  14: 8192 op, 875402050.00 ns, 106.8606 us/op
// GC:  32 0 0 502661856 8192
// Threading:  0 0 8192

// AfterAll
// Benchmark Process 45164 has exited with code 0.

Mean = 106.720 μs, StdErr = 0.047 μs (0.04%), N = 14, StdDev = 0.176 μs
Min = 106.398 μs, Q1 = 106.626 μs, Median = 106.755 μs, Q3 = 106.846 μs, Max = 106.970 μs
IQR = 0.220 μs, LowerFence = 106.296 μs, UpperFence = 107.175 μs
ConfidenceInterval = [106.521 μs; 106.918 μs] (CI 99.9%), Margin = 0.198 μs (0.19% of Mean)
Skewness = -0.51, Kurtosis = 2.08, MValue = 2

// ** Remained 21 (65,6 %) benchmark(s) to run. Estimated finish 2026-05-29 20:58 (0h 12m from now) **
Setup power plan (GUID: 8c5e7fda-e8bf-4a96-9a85-a6e23a8c635c FriendlyName: Alto rendimiento)
// **************************
// Benchmark: FlagStoreBenchmarks.Set_AllFlags: .NET 8.0(Runtime=.NET 8.0) [FlagCount=1000]
// *** Execute ***
// Launch: 1 / 1
// Execute: dotnet aa0c72c8-782f-4e5d-b357-a1c5d5f4f806.dll --anonymousPipes 1628 1632 --benchmarkName "ConsoleEngine.Benchmarks.FlagStoreBenchmarks.Set_AllFlags(FlagCount: 1000)" --job ".NET 8.0" --benchmarkId 11 in C:\Users\maxli\ConsoleEngine\src\ConsoleEngine.Benchmarks\bin\Release\net8.0\aa0c72c8-782f-4e5d-b357-a1c5d5f4f806\bin\Release\net8.0
// BeforeAnythingElse

// Benchmark Process Environment Information:
// BenchmarkDotNet v0.14.0
// Runtime=.NET 8.0.22 (8.0.2225.52707), X64 RyuJIT AVX2
// GC=Concurrent Workstation
// HardwareIntrinsics=AVX2,AES,BMI1,BMI2,FMA,LZCNT,PCLMUL,POPCNT,AvxVnni,SERIALIZE VectorSize=256
// Job: .NET 8.0

OverheadJitting  1: 1 op, 114400.00 ns, 114.4000 us/op
WorkloadJitting  1: 1 op, 740800.00 ns, 740.8000 us/op

OverheadJitting  2: 16 op, 109600.00 ns, 6.8500 us/op
WorkloadJitting  2: 16 op, 11582900.00 ns, 723.9313 us/op

WorkloadPilot    1: 16 op, 7544000.00 ns, 471.5000 us/op
WorkloadPilot    2: 32 op, 14620900.00 ns, 456.9031 us/op
WorkloadPilot    3: 64 op, 27834800.00 ns, 434.9188 us/op
WorkloadPilot    4: 128 op, 49575200.00 ns, 387.3063 us/op
WorkloadPilot    5: 256 op, 116065000.00 ns, 453.3789 us/op
WorkloadPilot    6: 512 op, 165701700.00 ns, 323.6361 us/op
WorkloadPilot    7: 1024 op, 134515400.00 ns, 131.3627 us/op
WorkloadPilot    8: 2048 op, 269064000.00 ns, 131.3789 us/op
WorkloadPilot    9: 4096 op, 533232500.00 ns, 130.1837 us/op

OverheadWarmup   1: 4096 op, 6800.00 ns, 1.6602 ns/op
OverheadWarmup   2: 4096 op, 5700.00 ns, 1.3916 ns/op
OverheadWarmup   3: 4096 op, 5900.00 ns, 1.4404 ns/op
OverheadWarmup   4: 4096 op, 5100.00 ns, 1.2451 ns/op
OverheadWarmup   5: 4096 op, 5400.00 ns, 1.3184 ns/op
OverheadWarmup   6: 4096 op, 5100.00 ns, 1.2451 ns/op

OverheadActual   1: 4096 op, 6000.00 ns, 1.4648 ns/op
OverheadActual   2: 4096 op, 5900.00 ns, 1.4404 ns/op
OverheadActual   3: 4096 op, 5700.00 ns, 1.3916 ns/op
OverheadActual   4: 4096 op, 5800.00 ns, 1.4160 ns/op
OverheadActual   5: 4096 op, 6300.00 ns, 1.5381 ns/op
OverheadActual   6: 4096 op, 5300.00 ns, 1.2939 ns/op
OverheadActual   7: 4096 op, 5100.00 ns, 1.2451 ns/op
OverheadActual   8: 4096 op, 6100.00 ns, 1.4893 ns/op
OverheadActual   9: 4096 op, 5600.00 ns, 1.3672 ns/op
OverheadActual  10: 4096 op, 6300.00 ns, 1.5381 ns/op
OverheadActual  11: 4096 op, 5400.00 ns, 1.3184 ns/op
OverheadActual  12: 4096 op, 5700.00 ns, 1.3916 ns/op
OverheadActual  13: 4096 op, 5500.00 ns, 1.3428 ns/op
OverheadActual  14: 4096 op, 5500.00 ns, 1.3428 ns/op
OverheadActual  15: 4096 op, 7200.00 ns, 1.7578 ns/op
OverheadActual  16: 4096 op, 4800.00 ns, 1.1719 ns/op
OverheadActual  17: 4096 op, 5600.00 ns, 1.3672 ns/op
OverheadActual  18: 4096 op, 5700.00 ns, 1.3916 ns/op
OverheadActual  19: 4096 op, 5900.00 ns, 1.4404 ns/op
OverheadActual  20: 4096 op, 6000.00 ns, 1.4648 ns/op

WorkloadWarmup   1: 4096 op, 543592900.00 ns, 132.7131 us/op
WorkloadWarmup   2: 4096 op, 520668700.00 ns, 127.1164 us/op
WorkloadWarmup   3: 4096 op, 537506900.00 ns, 131.2273 us/op
WorkloadWarmup   4: 4096 op, 718654000.00 ns, 175.4526 us/op
WorkloadWarmup   5: 4096 op, 718617000.00 ns, 175.4436 us/op
WorkloadWarmup   6: 4096 op, 717687000.00 ns, 175.2166 us/op
WorkloadWarmup   7: 4096 op, 720349600.00 ns, 175.8666 us/op
WorkloadWarmup   8: 4096 op, 716420400.00 ns, 174.9073 us/op

// BeforeActualRun
WorkloadActual   1: 4096 op, 718479900.00 ns, 175.4101 us/op
WorkloadActual   2: 4096 op, 686438600.00 ns, 167.5875 us/op
WorkloadActual   3: 4096 op, 680952100.00 ns, 166.2481 us/op
WorkloadActual   4: 4096 op, 688740700.00 ns, 168.1496 us/op
WorkloadActual   5: 4096 op, 708352900.00 ns, 172.9377 us/op
WorkloadActual   6: 4096 op, 710668400.00 ns, 173.5030 us/op
WorkloadActual   7: 4096 op, 709507900.00 ns, 173.2197 us/op
WorkloadActual   8: 4096 op, 715835000.00 ns, 174.7644 us/op
WorkloadActual   9: 4096 op, 711236900.00 ns, 173.6418 us/op
WorkloadActual  10: 4096 op, 711019000.00 ns, 173.5886 us/op
WorkloadActual  11: 4096 op, 711831400.00 ns, 173.7870 us/op
WorkloadActual  12: 4096 op, 709276400.00 ns, 173.1632 us/op
WorkloadActual  13: 4096 op, 711741400.00 ns, 173.7650 us/op
WorkloadActual  14: 4096 op, 712501100.00 ns, 173.9505 us/op
WorkloadActual  15: 4096 op, 711565600.00 ns, 173.7221 us/op

// AfterActualRun
WorkloadResult   1: 4096 op, 686432900.00 ns, 167.5862 us/op
WorkloadResult   2: 4096 op, 680946400.00 ns, 166.2467 us/op
WorkloadResult   3: 4096 op, 688735000.00 ns, 168.1482 us/op
WorkloadResult   4: 4096 op, 708347200.00 ns, 172.9363 us/op
WorkloadResult   5: 4096 op, 710662700.00 ns, 173.5016 us/op
WorkloadResult   6: 4096 op, 709502200.00 ns, 173.2183 us/op
WorkloadResult   7: 4096 op, 715829300.00 ns, 174.7630 us/op
WorkloadResult   8: 4096 op, 711231200.00 ns, 173.6404 us/op
WorkloadResult   9: 4096 op, 711013300.00 ns, 173.5872 us/op
WorkloadResult  10: 4096 op, 711825700.00 ns, 173.7856 us/op
WorkloadResult  11: 4096 op, 709270700.00 ns, 173.1618 us/op
WorkloadResult  12: 4096 op, 711735700.00 ns, 173.7636 us/op
WorkloadResult  13: 4096 op, 712495400.00 ns, 173.9491 us/op
WorkloadResult  14: 4096 op, 711559900.00 ns, 173.7207 us/op
// GC:  82 49 0 1291092032 4096
// Threading:  0 0 4096

// AfterAll
// Benchmark Process 7724 has exited with code 0.

Mean = 172.286 μs, StdErr = 0.734 μs (0.43%), N = 14, StdDev = 2.748 μs
Min = 166.247 μs, Q1 = 172.993 μs, Median = 173.544 μs, Q3 = 173.753 μs, Max = 174.763 μs
IQR = 0.760 μs, LowerFence = 171.852 μs, UpperFence = 174.893 μs
ConfidenceInterval = [169.187 μs; 175.386 μs] (CI 99.9%), Margin = 3.099 μs (1.80% of Mean)
Skewness = -1.23, Kurtosis = 2.73, MValue = 2

// ** Remained 20 (62,5 %) benchmark(s) to run. Estimated finish 2026-05-29 20:57 (0h 11m from now) **
Setup power plan (GUID: 8c5e7fda-e8bf-4a96-9a85-a6e23a8c635c FriendlyName: Alto rendimiento)
// **************************
// Benchmark: FlagStoreBenchmarks.ToJson: .NET 8.0(Runtime=.NET 8.0) [FlagCount=10000]
// *** Execute ***
// Launch: 1 / 1
// Execute: dotnet aa0c72c8-782f-4e5d-b357-a1c5d5f4f806.dll --anonymousPipes 1780 1740 --benchmarkName "ConsoleEngine.Benchmarks.FlagStoreBenchmarks.ToJson(FlagCount: 10000)" --job ".NET 8.0" --benchmarkId 12 in C:\Users\maxli\ConsoleEngine\src\ConsoleEngine.Benchmarks\bin\Release\net8.0\aa0c72c8-782f-4e5d-b357-a1c5d5f4f806\bin\Release\net8.0
// BeforeAnythingElse

// Benchmark Process Environment Information:
// BenchmarkDotNet v0.14.0
// Runtime=.NET 8.0.22 (8.0.2225.52707), X64 RyuJIT AVX2
// GC=Concurrent Workstation
// HardwareIntrinsics=AVX2,AES,BMI1,BMI2,FMA,LZCNT,PCLMUL,POPCNT,AvxVnni,SERIALIZE VectorSize=256
// Job: .NET 8.0

OverheadJitting  1: 1 op, 162200.00 ns, 162.2000 us/op
WorkloadJitting  1: 1 op, 1550300.00 ns, 1.5503 ms/op

OverheadJitting  2: 16 op, 300900.00 ns, 18.8063 us/op
WorkloadJitting  2: 16 op, 18853100.00 ns, 1.1783 ms/op

WorkloadPilot    1: 16 op, 17161200.00 ns, 1.0726 ms/op
WorkloadPilot    2: 32 op, 34963300.00 ns, 1.0926 ms/op
WorkloadPilot    3: 64 op, 70862100.00 ns, 1.1072 ms/op
WorkloadPilot    4: 128 op, 118151100.00 ns, 923.0555 us/op
WorkloadPilot    5: 256 op, 107973900.00 ns, 421.7730 us/op
WorkloadPilot    6: 512 op, 175549300.00 ns, 342.8697 us/op
WorkloadPilot    7: 1024 op, 321668000.00 ns, 314.1289 us/op
WorkloadPilot    8: 2048 op, 641074600.00 ns, 313.0247 us/op

OverheadWarmup   1: 2048 op, 6000.00 ns, 2.9297 ns/op
OverheadWarmup   2: 2048 op, 4100.00 ns, 2.0020 ns/op
OverheadWarmup   3: 2048 op, 4200.00 ns, 2.0508 ns/op
OverheadWarmup   4: 2048 op, 3800.00 ns, 1.8555 ns/op
OverheadWarmup   5: 2048 op, 4100.00 ns, 2.0020 ns/op
OverheadWarmup   6: 2048 op, 4000.00 ns, 1.9531 ns/op

OverheadActual   1: 2048 op, 4400.00 ns, 2.1484 ns/op
OverheadActual   2: 2048 op, 4600.00 ns, 2.2461 ns/op
OverheadActual   3: 2048 op, 4800.00 ns, 2.3438 ns/op
OverheadActual   4: 2048 op, 4000.00 ns, 1.9531 ns/op
OverheadActual   5: 2048 op, 4100.00 ns, 2.0020 ns/op
OverheadActual   6: 2048 op, 4500.00 ns, 2.1973 ns/op
OverheadActual   7: 2048 op, 4400.00 ns, 2.1484 ns/op
OverheadActual   8: 2048 op, 4200.00 ns, 2.0508 ns/op
OverheadActual   9: 2048 op, 4200.00 ns, 2.0508 ns/op
OverheadActual  10: 2048 op, 4000.00 ns, 1.9531 ns/op
OverheadActual  11: 2048 op, 4200.00 ns, 2.0508 ns/op
OverheadActual  12: 2048 op, 4100.00 ns, 2.0020 ns/op
OverheadActual  13: 2048 op, 3800.00 ns, 1.8555 ns/op
OverheadActual  14: 2048 op, 3800.00 ns, 1.8555 ns/op
OverheadActual  15: 2048 op, 4000.00 ns, 1.9531 ns/op
OverheadActual  16: 2048 op, 3700.00 ns, 1.8066 ns/op
OverheadActual  17: 2048 op, 4200.00 ns, 2.0508 ns/op
OverheadActual  18: 2048 op, 4900.00 ns, 2.3926 ns/op
OverheadActual  19: 2048 op, 5200.00 ns, 2.5391 ns/op
OverheadActual  20: 2048 op, 4800.00 ns, 2.3438 ns/op

WorkloadWarmup   1: 2048 op, 621108900.00 ns, 303.2758 us/op
WorkloadWarmup   2: 2048 op, 615116900.00 ns, 300.3500 us/op
WorkloadWarmup   3: 2048 op, 1039141300.00 ns, 507.3932 us/op
WorkloadWarmup   4: 2048 op, 1059016500.00 ns, 517.0979 us/op
WorkloadWarmup   5: 2048 op, 1057442000.00 ns, 516.3291 us/op
WorkloadWarmup   6: 2048 op, 1063689400.00 ns, 519.3796 us/op
WorkloadWarmup   7: 2048 op, 1058780100.00 ns, 516.9825 us/op

// BeforeActualRun
WorkloadActual   1: 2048 op, 1063161000.00 ns, 519.1216 us/op
WorkloadActual   2: 2048 op, 1053970600.00 ns, 514.6341 us/op
WorkloadActual   3: 2048 op, 1057838500.00 ns, 516.5227 us/op
WorkloadActual   4: 2048 op, 1061098100.00 ns, 518.1143 us/op
WorkloadActual   5: 2048 op, 1057955700.00 ns, 516.5799 us/op
WorkloadActual   6: 2048 op, 1053060700.00 ns, 514.1898 us/op
WorkloadActual   7: 2048 op, 1065783100.00 ns, 520.4019 us/op
WorkloadActual   8: 2048 op, 1059589200.00 ns, 517.3775 us/op
WorkloadActual   9: 2048 op, 1061615500.00 ns, 518.3669 us/op
WorkloadActual  10: 2048 op, 1063741200.00 ns, 519.4049 us/op
WorkloadActual  11: 2048 op, 1060068400.00 ns, 517.6115 us/op
WorkloadActual  12: 2048 op, 1057548900.00 ns, 516.3813 us/op
WorkloadActual  13: 2048 op, 1061097400.00 ns, 518.1140 us/op
WorkloadActual  14: 2048 op, 1066450800.00 ns, 520.7279 us/op
WorkloadActual  15: 2048 op, 1070340900.00 ns, 522.6274 us/op

// AfterActualRun
WorkloadResult   1: 2048 op, 1063156800.00 ns, 519.1195 us/op
WorkloadResult   2: 2048 op, 1053966400.00 ns, 514.6320 us/op
WorkloadResult   3: 2048 op, 1057834300.00 ns, 516.5207 us/op
WorkloadResult   4: 2048 op, 1061093900.00 ns, 518.1123 us/op
WorkloadResult   5: 2048 op, 1057951500.00 ns, 516.5779 us/op
WorkloadResult   6: 2048 op, 1053056500.00 ns, 514.1877 us/op
WorkloadResult   7: 2048 op, 1065778900.00 ns, 520.3999 us/op
WorkloadResult   8: 2048 op, 1059585000.00 ns, 517.3755 us/op
WorkloadResult   9: 2048 op, 1061611300.00 ns, 518.3649 us/op
WorkloadResult  10: 2048 op, 1063737000.00 ns, 519.4028 us/op
WorkloadResult  11: 2048 op, 1060064200.00 ns, 517.6095 us/op
WorkloadResult  12: 2048 op, 1057544700.00 ns, 516.3792 us/op
WorkloadResult  13: 2048 op, 1061093200.00 ns, 518.1119 us/op
WorkloadResult  14: 2048 op, 1066446600.00 ns, 520.7259 us/op
WorkloadResult  15: 2048 op, 1070336700.00 ns, 522.6253 us/op
// GC:  282 282 282 1187351056 2048
// Threading:  0 0 2048

// AfterAll
// Benchmark Process 36256 has exited with code 0.

Mean = 518.010 μs, StdErr = 0.582 μs (0.11%), N = 15, StdDev = 2.255 μs
Min = 514.188 μs, Q1 = 516.549 μs, Median = 518.112 μs, Q3 = 519.261 μs, Max = 522.625 μs
IQR = 2.712 μs, LowerFence = 512.481 μs, UpperFence = 523.329 μs
ConfidenceInterval = [515.598 μs; 520.421 μs] (CI 99.9%), Margin = 2.411 μs (0.47% of Mean)
Skewness = 0.18, Kurtosis = 2.33, MValue = 2

// ** Remained 19 (59,4 %) benchmark(s) to run. Estimated finish 2026-05-29 20:57 (0h 10m from now) **
Setup power plan (GUID: 8c5e7fda-e8bf-4a96-9a85-a6e23a8c635c FriendlyName: Alto rendimiento)
// **************************
// Benchmark: FlagStoreBenchmarks.FromJson: .NET 8.0(Runtime=.NET 8.0) [FlagCount=10000]
// *** Execute ***
// Launch: 1 / 1
// Execute: dotnet aa0c72c8-782f-4e5d-b357-a1c5d5f4f806.dll --anonymousPipes 1592 2120 --benchmarkName "ConsoleEngine.Benchmarks.FlagStoreBenchmarks.FromJson(FlagCount: 10000)" --job ".NET 8.0" --benchmarkId 13 in C:\Users\maxli\ConsoleEngine\src\ConsoleEngine.Benchmarks\bin\Release\net8.0\aa0c72c8-782f-4e5d-b357-a1c5d5f4f806\bin\Release\net8.0
// BeforeAnythingElse

// Benchmark Process Environment Information:
// BenchmarkDotNet v0.14.0
// Runtime=.NET 8.0.22 (8.0.2225.52707), X64 RyuJIT AVX2
// GC=Concurrent Workstation
// HardwareIntrinsics=AVX2,AES,BMI1,BMI2,FMA,LZCNT,PCLMUL,POPCNT,AvxVnni,SERIALIZE VectorSize=256
// Job: .NET 8.0

OverheadJitting  1: 1 op, 283900.00 ns, 283.9000 us/op
WorkloadJitting  1: 1 op, 10848500.00 ns, 10.8485 ms/op

OverheadJitting  2: 16 op, 279600.00 ns, 17.4750 us/op
WorkloadJitting  2: 16 op, 135380700.00 ns, 8.4613 ms/op

WorkloadPilot    1: 16 op, 99056600.00 ns, 6.1910 ms/op
WorkloadPilot    2: 32 op, 198298600.00 ns, 6.1968 ms/op
WorkloadPilot    3: 64 op, 377026700.00 ns, 5.8910 ms/op
WorkloadPilot    4: 128 op, 767192600.00 ns, 5.9937 ms/op

OverheadWarmup   1: 128 op, 2000.00 ns, 15.6250 ns/op
OverheadWarmup   2: 128 op, 900.00 ns, 7.0313 ns/op
OverheadWarmup   3: 128 op, 700.00 ns, 5.4688 ns/op
OverheadWarmup   4: 128 op, 400.00 ns, 3.1250 ns/op
OverheadWarmup   5: 128 op, 500.00 ns, 3.9063 ns/op
OverheadWarmup   6: 128 op, 900.00 ns, 7.0313 ns/op
OverheadWarmup   7: 128 op, 500.00 ns, 3.9063 ns/op
OverheadWarmup   8: 128 op, 400.00 ns, 3.1250 ns/op
OverheadWarmup   9: 128 op, 1000.00 ns, 7.8125 ns/op
OverheadWarmup  10: 128 op, 800.00 ns, 6.2500 ns/op

OverheadActual   1: 128 op, 700.00 ns, 5.4688 ns/op
OverheadActual   2: 128 op, 800.00 ns, 6.2500 ns/op
OverheadActual   3: 128 op, 900.00 ns, 7.0313 ns/op
OverheadActual   4: 128 op, 800.00 ns, 6.2500 ns/op
OverheadActual   5: 128 op, 800.00 ns, 6.2500 ns/op
OverheadActual   6: 128 op, 800.00 ns, 6.2500 ns/op
OverheadActual   7: 128 op, 700.00 ns, 5.4688 ns/op
OverheadActual   8: 128 op, 700.00 ns, 5.4688 ns/op
OverheadActual   9: 128 op, 500.00 ns, 3.9063 ns/op
OverheadActual  10: 128 op, 400.00 ns, 3.1250 ns/op
OverheadActual  11: 128 op, 900.00 ns, 7.0313 ns/op
OverheadActual  12: 128 op, 400.00 ns, 3.1250 ns/op
OverheadActual  13: 128 op, 700.00 ns, 5.4688 ns/op
OverheadActual  14: 128 op, 800.00 ns, 6.2500 ns/op
OverheadActual  15: 128 op, 1300.00 ns, 10.1563 ns/op
OverheadActual  16: 128 op, 900.00 ns, 7.0313 ns/op
OverheadActual  17: 128 op, 800.00 ns, 6.2500 ns/op
OverheadActual  18: 128 op, 900.00 ns, 7.0313 ns/op
OverheadActual  19: 128 op, 800.00 ns, 6.2500 ns/op
OverheadActual  20: 128 op, 900.00 ns, 7.0313 ns/op

WorkloadWarmup   1: 128 op, 756226400.00 ns, 5.9080 ms/op
WorkloadWarmup   2: 128 op, 724168500.00 ns, 5.6576 ms/op
WorkloadWarmup   3: 128 op, 701087900.00 ns, 5.4772 ms/op
WorkloadWarmup   4: 128 op, 716419600.00 ns, 5.5970 ms/op
WorkloadWarmup   5: 128 op, 712731000.00 ns, 5.5682 ms/op
WorkloadWarmup   6: 128 op, 747087100.00 ns, 5.8366 ms/op
WorkloadWarmup   7: 128 op, 734824000.00 ns, 5.7408 ms/op

// BeforeActualRun
WorkloadActual   1: 128 op, 759112800.00 ns, 5.9306 ms/op
WorkloadActual   2: 128 op, 714801900.00 ns, 5.5844 ms/op
WorkloadActual   3: 128 op, 695864300.00 ns, 5.4364 ms/op
WorkloadActual   4: 128 op, 760343400.00 ns, 5.9402 ms/op
WorkloadActual   5: 128 op, 728953200.00 ns, 5.6949 ms/op
WorkloadActual   6: 128 op, 755455400.00 ns, 5.9020 ms/op
WorkloadActual   7: 128 op, 702922800.00 ns, 5.4916 ms/op
WorkloadActual   8: 128 op, 766232600.00 ns, 5.9862 ms/op
WorkloadActual   9: 128 op, 755654400.00 ns, 5.9036 ms/op
WorkloadActual  10: 128 op, 735318500.00 ns, 5.7447 ms/op
WorkloadActual  11: 128 op, 734175400.00 ns, 5.7357 ms/op
WorkloadActual  12: 128 op, 775130400.00 ns, 6.0557 ms/op
WorkloadActual  13: 128 op, 748461200.00 ns, 5.8474 ms/op
WorkloadActual  14: 128 op, 683679300.00 ns, 5.3412 ms/op
WorkloadActual  15: 128 op, 732155600.00 ns, 5.7200 ms/op
WorkloadActual  16: 128 op, 707418800.00 ns, 5.5267 ms/op
WorkloadActual  17: 128 op, 743830100.00 ns, 5.8112 ms/op
WorkloadActual  18: 128 op, 733913400.00 ns, 5.7337 ms/op
WorkloadActual  19: 128 op, 728564200.00 ns, 5.6919 ms/op
WorkloadActual  20: 128 op, 747705500.00 ns, 5.8414 ms/op
WorkloadActual  21: 128 op, 763996700.00 ns, 5.9687 ms/op
WorkloadActual  22: 128 op, 765697700.00 ns, 5.9820 ms/op
WorkloadActual  23: 128 op, 762538500.00 ns, 5.9573 ms/op
WorkloadActual  24: 128 op, 747318100.00 ns, 5.8384 ms/op
WorkloadActual  25: 128 op, 717358000.00 ns, 5.6044 ms/op
WorkloadActual  26: 128 op, 729615800.00 ns, 5.7001 ms/op
WorkloadActual  27: 128 op, 759098900.00 ns, 5.9305 ms/op
WorkloadActual  28: 128 op, 761654700.00 ns, 5.9504 ms/op
WorkloadActual  29: 128 op, 745008600.00 ns, 5.8204 ms/op
WorkloadActual  30: 128 op, 766446400.00 ns, 5.9879 ms/op
WorkloadActual  31: 128 op, 720393200.00 ns, 5.6281 ms/op
WorkloadActual  32: 128 op, 738731800.00 ns, 5.7713 ms/op

// AfterActualRun
WorkloadResult   1: 128 op, 759112000.00 ns, 5.9306 ms/op
WorkloadResult   2: 128 op, 714801100.00 ns, 5.5844 ms/op
WorkloadResult   3: 128 op, 695863500.00 ns, 5.4364 ms/op
WorkloadResult   4: 128 op, 760342600.00 ns, 5.9402 ms/op
WorkloadResult   5: 128 op, 728952400.00 ns, 5.6949 ms/op
WorkloadResult   6: 128 op, 755454600.00 ns, 5.9020 ms/op
WorkloadResult   7: 128 op, 702922000.00 ns, 5.4916 ms/op
WorkloadResult   8: 128 op, 766231800.00 ns, 5.9862 ms/op
WorkloadResult   9: 128 op, 755653600.00 ns, 5.9035 ms/op
WorkloadResult  10: 128 op, 735317700.00 ns, 5.7447 ms/op
WorkloadResult  11: 128 op, 734174600.00 ns, 5.7357 ms/op
WorkloadResult  12: 128 op, 775129600.00 ns, 6.0557 ms/op
WorkloadResult  13: 128 op, 748460400.00 ns, 5.8473 ms/op
WorkloadResult  14: 128 op, 683678500.00 ns, 5.3412 ms/op
WorkloadResult  15: 128 op, 732154800.00 ns, 5.7200 ms/op
WorkloadResult  16: 128 op, 707418000.00 ns, 5.5267 ms/op
WorkloadResult  17: 128 op, 743829300.00 ns, 5.8112 ms/op
WorkloadResult  18: 128 op, 733912600.00 ns, 5.7337 ms/op
WorkloadResult  19: 128 op, 728563400.00 ns, 5.6919 ms/op
WorkloadResult  20: 128 op, 747704700.00 ns, 5.8414 ms/op
WorkloadResult  21: 128 op, 763995900.00 ns, 5.9687 ms/op
WorkloadResult  22: 128 op, 765696900.00 ns, 5.9820 ms/op
WorkloadResult  23: 128 op, 762537700.00 ns, 5.9573 ms/op
WorkloadResult  24: 128 op, 747317300.00 ns, 5.8384 ms/op
WorkloadResult  25: 128 op, 717357200.00 ns, 5.6044 ms/op
WorkloadResult  26: 128 op, 729615000.00 ns, 5.7001 ms/op
WorkloadResult  27: 128 op, 759098100.00 ns, 5.9305 ms/op
WorkloadResult  28: 128 op, 761653900.00 ns, 5.9504 ms/op
WorkloadResult  29: 128 op, 745007800.00 ns, 5.8204 ms/op
WorkloadResult  30: 128 op, 766445600.00 ns, 5.9879 ms/op
WorkloadResult  31: 128 op, 720392400.00 ns, 5.6281 ms/op
WorkloadResult  32: 128 op, 738731000.00 ns, 5.7713 ms/op
// GC:  66 65 50 504313088 128
// Threading:  0 0 128

// AfterAll
// Benchmark Process 15612 has exited with code 0.

Mean = 5.783 ms, StdErr = 0.032 ms (0.55%), N = 32, StdDev = 0.179 ms
Min = 5.341 ms, Q1 = 5.694 ms, Median = 5.816 ms, Q3 = 5.933 ms, Max = 6.056 ms
IQR = 0.239 ms, LowerFence = 5.336 ms, UpperFence = 6.291 ms
ConfidenceInterval = [5.668 ms; 5.898 ms] (CI 99.9%), Margin = 0.115 ms (1.99% of Mean)
Skewness = -0.62, Kurtosis = 2.52, MValue = 2

// ** Remained 18 (56,2 %) benchmark(s) to run. Estimated finish 2026-05-29 20:57 (0h 10m from now) **
Setup power plan (GUID: 8c5e7fda-e8bf-4a96-9a85-a6e23a8c635c FriendlyName: Alto rendimiento)
// **************************
// Benchmark: FlagStoreBenchmarks.Get_AllFlags: .NET 8.0(Runtime=.NET 8.0) [FlagCount=10000]
// *** Execute ***
// Launch: 1 / 1
// Execute: dotnet aa0c72c8-782f-4e5d-b357-a1c5d5f4f806.dll --anonymousPipes 2248 1364 --benchmarkName "ConsoleEngine.Benchmarks.FlagStoreBenchmarks.Get_AllFlags(FlagCount: 10000)" --job ".NET 8.0" --benchmarkId 14 in C:\Users\maxli\ConsoleEngine\src\ConsoleEngine.Benchmarks\bin\Release\net8.0\aa0c72c8-782f-4e5d-b357-a1c5d5f4f806\bin\Release\net8.0
// BeforeAnythingElse

// Benchmark Process Environment Information:
// BenchmarkDotNet v0.14.0
// Runtime=.NET 8.0.22 (8.0.2225.52707), X64 RyuJIT AVX2
// GC=Concurrent Workstation
// HardwareIntrinsics=AVX2,AES,BMI1,BMI2,FMA,LZCNT,PCLMUL,POPCNT,AvxVnni,SERIALIZE VectorSize=256
// Job: .NET 8.0

OverheadJitting  1: 1 op, 115300.00 ns, 115.3000 us/op
WorkloadJitting  1: 1 op, 9458600.00 ns, 9.4586 ms/op

OverheadJitting  2: 16 op, 128500.00 ns, 8.0313 us/op
WorkloadJitting  2: 16 op, 67759200.00 ns, 4.2350 ms/op

WorkloadPilot    1: 16 op, 65898000.00 ns, 4.1186 ms/op
WorkloadPilot    2: 32 op, 124089500.00 ns, 3.8778 ms/op
WorkloadPilot    3: 64 op, 208661200.00 ns, 3.2603 ms/op
WorkloadPilot    4: 128 op, 169024000.00 ns, 1.3205 ms/op
WorkloadPilot    5: 256 op, 213559200.00 ns, 834.2156 us/op
WorkloadPilot    6: 512 op, 426272000.00 ns, 832.5625 us/op
WorkloadPilot    7: 1024 op, 817807400.00 ns, 798.6400 us/op

OverheadWarmup   1: 1024 op, 3100.00 ns, 3.0273 ns/op
OverheadWarmup   2: 1024 op, 1800.00 ns, 1.7578 ns/op
OverheadWarmup   3: 1024 op, 1900.00 ns, 1.8555 ns/op
OverheadWarmup   4: 1024 op, 1800.00 ns, 1.7578 ns/op
OverheadWarmup   5: 1024 op, 1600.00 ns, 1.5625 ns/op
OverheadWarmup   6: 1024 op, 2100.00 ns, 2.0508 ns/op
OverheadWarmup   7: 1024 op, 1800.00 ns, 1.7578 ns/op

OverheadActual   1: 1024 op, 1700.00 ns, 1.6602 ns/op
OverheadActual   2: 1024 op, 2100.00 ns, 2.0508 ns/op
OverheadActual   3: 1024 op, 2600.00 ns, 2.5391 ns/op
OverheadActual   4: 1024 op, 1900.00 ns, 1.8555 ns/op
OverheadActual   5: 1024 op, 1800.00 ns, 1.7578 ns/op
OverheadActual   6: 1024 op, 1900.00 ns, 1.8555 ns/op
OverheadActual   7: 1024 op, 1600.00 ns, 1.5625 ns/op
OverheadActual   8: 1024 op, 2000.00 ns, 1.9531 ns/op
OverheadActual   9: 1024 op, 2200.00 ns, 2.1484 ns/op
OverheadActual  10: 1024 op, 2000.00 ns, 1.9531 ns/op
OverheadActual  11: 1024 op, 1600.00 ns, 1.5625 ns/op
OverheadActual  12: 1024 op, 1400.00 ns, 1.3672 ns/op
OverheadActual  13: 1024 op, 1600.00 ns, 1.5625 ns/op
OverheadActual  14: 1024 op, 1900.00 ns, 1.8555 ns/op
OverheadActual  15: 1024 op, 2200.00 ns, 2.1484 ns/op
OverheadActual  16: 1024 op, 1300.00 ns, 1.2695 ns/op
OverheadActual  17: 1024 op, 1200.00 ns, 1.1719 ns/op
OverheadActual  18: 1024 op, 2800.00 ns, 2.7344 ns/op
OverheadActual  19: 1024 op, 2100.00 ns, 2.0508 ns/op
OverheadActual  20: 1024 op, 2000.00 ns, 1.9531 ns/op

WorkloadWarmup   1: 1024 op, 884399800.00 ns, 863.6717 us/op
WorkloadWarmup   2: 1024 op, 1166577400.00 ns, 1.1392 ms/op
WorkloadWarmup   3: 1024 op, 1170645600.00 ns, 1.1432 ms/op
WorkloadWarmup   4: 1024 op, 1166290300.00 ns, 1.1390 ms/op
WorkloadWarmup   5: 1024 op, 1162123200.00 ns, 1.1349 ms/op
WorkloadWarmup   6: 1024 op, 1166190600.00 ns, 1.1389 ms/op
WorkloadWarmup   7: 1024 op, 1172276900.00 ns, 1.1448 ms/op
WorkloadWarmup   8: 1024 op, 1170766600.00 ns, 1.1433 ms/op

// BeforeActualRun
WorkloadActual   1: 1024 op, 1189609000.00 ns, 1.1617 ms/op
WorkloadActual   2: 1024 op, 1166137500.00 ns, 1.1388 ms/op
WorkloadActual   3: 1024 op, 1163939700.00 ns, 1.1367 ms/op
WorkloadActual   4: 1024 op, 1163322000.00 ns, 1.1361 ms/op
WorkloadActual   5: 1024 op, 1163860900.00 ns, 1.1366 ms/op
WorkloadActual   6: 1024 op, 1167504300.00 ns, 1.1401 ms/op
WorkloadActual   7: 1024 op, 1160689900.00 ns, 1.1335 ms/op
WorkloadActual   8: 1024 op, 1160407000.00 ns, 1.1332 ms/op
WorkloadActual   9: 1024 op, 1165441700.00 ns, 1.1381 ms/op
WorkloadActual  10: 1024 op, 1199880200.00 ns, 1.1718 ms/op
WorkloadActual  11: 1024 op, 1160382600.00 ns, 1.1332 ms/op
WorkloadActual  12: 1024 op, 1159060800.00 ns, 1.1319 ms/op
WorkloadActual  13: 1024 op, 1163578700.00 ns, 1.1363 ms/op
WorkloadActual  14: 1024 op, 1161697900.00 ns, 1.1345 ms/op
WorkloadActual  15: 1024 op, 1175813100.00 ns, 1.1483 ms/op

// AfterActualRun
WorkloadResult   1: 1024 op, 1166135600.00 ns, 1.1388 ms/op
WorkloadResult   2: 1024 op, 1163937800.00 ns, 1.1367 ms/op
WorkloadResult   3: 1024 op, 1163320100.00 ns, 1.1361 ms/op
WorkloadResult   4: 1024 op, 1163859000.00 ns, 1.1366 ms/op
WorkloadResult   5: 1024 op, 1167502400.00 ns, 1.1401 ms/op
WorkloadResult   6: 1024 op, 1160688000.00 ns, 1.1335 ms/op
WorkloadResult   7: 1024 op, 1160405100.00 ns, 1.1332 ms/op
WorkloadResult   8: 1024 op, 1165439800.00 ns, 1.1381 ms/op
WorkloadResult   9: 1024 op, 1160380700.00 ns, 1.1332 ms/op
WorkloadResult  10: 1024 op, 1159058900.00 ns, 1.1319 ms/op
WorkloadResult  11: 1024 op, 1163576800.00 ns, 1.1363 ms/op
WorkloadResult  12: 1024 op, 1161696000.00 ns, 1.1345 ms/op
// GC:  43 0 0 677233376 1024
// Threading:  0 0 1024

// AfterAll
// Benchmark Process 42836 has exited with code 0.

Mean = 1.136 ms, StdErr = 0.001 ms (0.06%), N = 12, StdDev = 0.003 ms
Min = 1.132 ms, Q1 = 1.133 ms, Median = 1.136 ms, Q3 = 1.137 ms, Max = 1.140 ms
IQR = 0.004 ms, LowerFence = 1.128 ms, UpperFence = 1.142 ms
ConfidenceInterval = [1.132 ms; 1.139 ms] (CI 99.9%), Margin = 0.003 ms (0.29% of Mean)
Skewness = 0.13, Kurtosis = 1.66, MValue = 2

// ** Remained 17 (53,1 %) benchmark(s) to run. Estimated finish 2026-05-29 20:57 (0h 9m from now) **
Setup power plan (GUID: 8c5e7fda-e8bf-4a96-9a85-a6e23a8c635c FriendlyName: Alto rendimiento)
// **************************
// Benchmark: FlagStoreBenchmarks.Set_AllFlags: .NET 8.0(Runtime=.NET 8.0) [FlagCount=10000]
// *** Execute ***
// Launch: 1 / 1
// Execute: dotnet aa0c72c8-782f-4e5d-b357-a1c5d5f4f806.dll --anonymousPipes 1700 1776 --benchmarkName "ConsoleEngine.Benchmarks.FlagStoreBenchmarks.Set_AllFlags(FlagCount: 10000)" --job ".NET 8.0" --benchmarkId 15 in C:\Users\maxli\ConsoleEngine\src\ConsoleEngine.Benchmarks\bin\Release\net8.0\aa0c72c8-782f-4e5d-b357-a1c5d5f4f806\bin\Release\net8.0
// BeforeAnythingElse

// Benchmark Process Environment Information:
// BenchmarkDotNet v0.14.0
// Runtime=.NET 8.0.22 (8.0.2225.52707), X64 RyuJIT AVX2
// GC=Concurrent Workstation
// HardwareIntrinsics=AVX2,AES,BMI1,BMI2,FMA,LZCNT,PCLMUL,POPCNT,AvxVnni,SERIALIZE VectorSize=256
// Job: .NET 8.0

OverheadJitting  1: 1 op, 108800.00 ns, 108.8000 us/op
WorkloadJitting  1: 1 op, 6530000.00 ns, 6.5300 ms/op

OverheadJitting  2: 16 op, 124300.00 ns, 7.7688 us/op
WorkloadJitting  2: 16 op, 115031400.00 ns, 7.1895 ms/op

WorkloadPilot    1: 16 op, 114196800.00 ns, 7.1373 ms/op
WorkloadPilot    2: 32 op, 232256700.00 ns, 7.2580 ms/op
WorkloadPilot    3: 64 op, 326193900.00 ns, 5.0968 ms/op
WorkloadPilot    4: 128 op, 498049100.00 ns, 3.8910 ms/op
WorkloadPilot    5: 256 op, 1002289000.00 ns, 3.9152 ms/op

OverheadWarmup   1: 256 op, 2700.00 ns, 10.5469 ns/op
OverheadWarmup   2: 256 op, 700.00 ns, 2.7344 ns/op
OverheadWarmup   3: 256 op, 400.00 ns, 1.5625 ns/op
OverheadWarmup   4: 256 op, 800.00 ns, 3.1250 ns/op
OverheadWarmup   5: 256 op, 800.00 ns, 3.1250 ns/op
OverheadWarmup   6: 256 op, 1000.00 ns, 3.9063 ns/op
OverheadWarmup   7: 256 op, 900.00 ns, 3.5156 ns/op

OverheadActual   1: 256 op, 700.00 ns, 2.7344 ns/op
OverheadActual   2: 256 op, 700.00 ns, 2.7344 ns/op
OverheadActual   3: 256 op, 700.00 ns, 2.7344 ns/op
OverheadActual   4: 256 op, 600.00 ns, 2.3438 ns/op
OverheadActual   5: 256 op, 800.00 ns, 3.1250 ns/op
OverheadActual   6: 256 op, 900.00 ns, 3.5156 ns/op
OverheadActual   7: 256 op, 500.00 ns, 1.9531 ns/op
OverheadActual   8: 256 op, 800.00 ns, 3.1250 ns/op
OverheadActual   9: 256 op, 600.00 ns, 2.3438 ns/op
OverheadActual  10: 256 op, 400.00 ns, 1.5625 ns/op
OverheadActual  11: 256 op, 400.00 ns, 1.5625 ns/op
OverheadActual  12: 256 op, 700.00 ns, 2.7344 ns/op
OverheadActual  13: 256 op, 900.00 ns, 3.5156 ns/op
OverheadActual  14: 256 op, 700.00 ns, 2.7344 ns/op
OverheadActual  15: 256 op, 1300.00 ns, 5.0781 ns/op
OverheadActual  16: 256 op, 700.00 ns, 2.7344 ns/op
OverheadActual  17: 256 op, 900.00 ns, 3.5156 ns/op
OverheadActual  18: 256 op, 1100.00 ns, 4.2969 ns/op
OverheadActual  19: 256 op, 500.00 ns, 1.9531 ns/op
OverheadActual  20: 256 op, 500.00 ns, 1.9531 ns/op

WorkloadWarmup   1: 256 op, 1003263800.00 ns, 3.9190 ms/op
WorkloadWarmup   2: 256 op, 1022322200.00 ns, 3.9934 ms/op
WorkloadWarmup   3: 256 op, 1014164200.00 ns, 3.9616 ms/op
WorkloadWarmup   4: 256 op, 1002483400.00 ns, 3.9160 ms/op
WorkloadWarmup   5: 256 op, 1000015300.00 ns, 3.9063 ms/op
WorkloadWarmup   6: 256 op, 1018739200.00 ns, 3.9795 ms/op
WorkloadWarmup   7: 256 op, 1016294000.00 ns, 3.9699 ms/op

// BeforeActualRun
WorkloadActual   1: 256 op, 1008607600.00 ns, 3.9399 ms/op
WorkloadActual   2: 256 op, 1028048900.00 ns, 4.0158 ms/op
WorkloadActual   3: 256 op, 1002798400.00 ns, 3.9172 ms/op
WorkloadActual   4: 256 op, 1029787200.00 ns, 4.0226 ms/op
WorkloadActual   5: 256 op, 1008809400.00 ns, 3.9407 ms/op
WorkloadActual   6: 256 op, 1011174500.00 ns, 3.9499 ms/op
WorkloadActual   7: 256 op, 1016875600.00 ns, 3.9722 ms/op
WorkloadActual   8: 256 op, 1015022100.00 ns, 3.9649 ms/op
WorkloadActual   9: 256 op, 1011742000.00 ns, 3.9521 ms/op
WorkloadActual  10: 256 op, 1033111000.00 ns, 4.0356 ms/op
WorkloadActual  11: 256 op, 1012504200.00 ns, 3.9551 ms/op
WorkloadActual  12: 256 op, 1057172500.00 ns, 4.1296 ms/op
WorkloadActual  13: 256 op, 1043332400.00 ns, 4.0755 ms/op
WorkloadActual  14: 256 op, 1029206600.00 ns, 4.0203 ms/op
WorkloadActual  15: 256 op, 1031385300.00 ns, 4.0288 ms/op

// AfterActualRun
WorkloadResult   1: 256 op, 1008606900.00 ns, 3.9399 ms/op
WorkloadResult   2: 256 op, 1028048200.00 ns, 4.0158 ms/op
WorkloadResult   3: 256 op, 1002797700.00 ns, 3.9172 ms/op
WorkloadResult   4: 256 op, 1029786500.00 ns, 4.0226 ms/op
WorkloadResult   5: 256 op, 1008808700.00 ns, 3.9407 ms/op
WorkloadResult   6: 256 op, 1011173800.00 ns, 3.9499 ms/op
WorkloadResult   7: 256 op, 1016874900.00 ns, 3.9722 ms/op
WorkloadResult   8: 256 op, 1015021400.00 ns, 3.9649 ms/op
WorkloadResult   9: 256 op, 1011741300.00 ns, 3.9521 ms/op
WorkloadResult  10: 256 op, 1033110300.00 ns, 4.0356 ms/op
WorkloadResult  11: 256 op, 1012503500.00 ns, 3.9551 ms/op
WorkloadResult  12: 256 op, 1057171800.00 ns, 4.1296 ms/op
WorkloadResult  13: 256 op, 1043331700.00 ns, 4.0755 ms/op
WorkloadResult  14: 256 op, 1029205900.00 ns, 4.0203 ms/op
WorkloadResult  15: 256 op, 1031384600.00 ns, 4.0288 ms/op
// GC:  96 95 62 781085888 256
// Threading:  0 0 256

// AfterAll
// Benchmark Process 25052 has exited with code 0.

Mean = 3.995 ms, StdErr = 0.015 ms (0.38%), N = 15, StdDev = 0.059 ms
Min = 3.917 ms, Q1 = 3.951 ms, Median = 3.972 ms, Q3 = 4.026 ms, Max = 4.130 ms
IQR = 0.075 ms, LowerFence = 3.839 ms, UpperFence = 4.138 ms
ConfidenceInterval = [3.932 ms; 4.057 ms] (CI 99.9%), Margin = 0.063 ms (1.57% of Mean)
Skewness = 0.69, Kurtosis = 2.5, MValue = 2

// ** Remained 16 (50,0 %) benchmark(s) to run. Estimated finish 2026-05-29 20:57 (0h 8m from now) **
Successfully reverted power plan (GUID: a1841308-3541-4fab-bc81-f71556f20b4a FriendlyName: Economizador)
// ***** BenchmarkRunner: Finish  *****

// * Export *
  docs\perf-audit\persistence\results\ConsoleEngine.Benchmarks.FlagStoreBenchmarks-report.csv
  docs\perf-audit\persistence\results\ConsoleEngine.Benchmarks.FlagStoreBenchmarks-report-github.md
  docs\perf-audit\persistence\results\ConsoleEngine.Benchmarks.FlagStoreBenchmarks-report.html
  docs\perf-audit\persistence\results\ConsoleEngine.Benchmarks.FlagStoreBenchmarks-report-full-compressed.json

// * Detailed results *
FlagStoreBenchmarks.ToJson: .NET 8.0(Runtime=.NET 8.0) [FlagCount=10]
Runtime = .NET 8.0.22 (8.0.2225.52707), X64 RyuJIT AVX2; GC = Concurrent Workstation
Mean = 298.020 ns, StdErr = 1.488 ns (0.50%), N = 17, StdDev = 6.135 ns
Min = 289.325 ns, Q1 = 292.926 ns, Median = 297.266 ns, Q3 = 303.280 ns, Max = 308.329 ns
IQR = 10.354 ns, LowerFence = 277.395 ns, UpperFence = 318.811 ns
ConfidenceInterval = [292.046 ns; 303.994 ns] (CI 99.9%), Margin = 5.974 ns (2.00% of Mean)
Skewness = 0.14, Kurtosis = 1.61, MValue = 2
-------------------- Histogram --------------------
[288.446 ns ; 295.423 ns) | @@@@@@
[295.423 ns ; 301.686 ns) | @@@@@@
[301.686 ns ; 308.936 ns) | @@@@@
---------------------------------------------------

FlagStoreBenchmarks.FromJson: .NET 8.0(Runtime=.NET 8.0) [FlagCount=10]
Runtime = .NET 8.0.22 (8.0.2225.52707), X64 RyuJIT AVX2; GC = Concurrent Workstation
Mean = 1.334 μs, StdErr = 0.007 μs (0.51%), N = 21, StdDev = 0.031 μs
Min = 1.283 μs, Q1 = 1.308 μs, Median = 1.339 μs, Q3 = 1.363 μs, Max = 1.382 μs
IQR = 0.055 μs, LowerFence = 1.226 μs, UpperFence = 1.445 μs
ConfidenceInterval = [1.307 μs; 1.360 μs] (CI 99.9%), Margin = 0.026 μs (1.98% of Mean)
Skewness = -0.06, Kurtosis = 1.51, MValue = 2
-------------------- Histogram --------------------
[1.268 μs ; 1.318 μs) | @@@@@@@@@
[1.318 μs ; 1.367 μs) | @@@@@@@@@
[1.367 μs ; 1.397 μs) | @@@
---------------------------------------------------

FlagStoreBenchmarks.Get_AllFlags: .NET 8.0(Runtime=.NET 8.0) [FlagCount=10]
Runtime = .NET 8.0.22 (8.0.2225.52707), X64 RyuJIT AVX2; GC = Concurrent Workstation
Mean = 789.435 ns, StdErr = 9.342 ns (1.18%), N = 100, StdDev = 93.420 ns
Min = 685.410 ns, Q1 = 702.186 ns, Median = 733.674 ns, Q3 = 897.698 ns, Max = 904.987 ns
IQR = 195.513 ns, LowerFence = 408.916 ns, UpperFence = 1,190.968 ns
ConfidenceInterval = [757.751 ns; 821.118 ns] (CI 99.9%), Margin = 31.684 ns (4.01% of Mean)
Skewness = 0.27, Kurtosis = 1.13, MValue = 3.46
-------------------- Histogram --------------------
[685.371 ns ; 738.203 ns) | @@@@@@@@@@@@@@@@@@@@@@@@@@@@@@@@@@@@@@@@@@@@@@@@@@@@@@@@
[738.203 ns ; 776.976 ns) | @@
[776.976 ns ; 824.680 ns) | 
[824.680 ns ; 868.462 ns) | @
[868.462 ns ; 931.403 ns) | @@@@@@@@@@@@@@@@@@@@@@@@@@@@@@@@@@@@@@@@@
---------------------------------------------------

FlagStoreBenchmarks.Set_AllFlags: .NET 8.0(Runtime=.NET 8.0) [FlagCount=10]
Runtime = .NET 8.0.22 (8.0.2225.52707), X64 RyuJIT AVX2; GC = Concurrent Workstation
Mean = 1.348 μs, StdErr = 0.007 μs (0.51%), N = 22, StdDev = 0.032 μs
Min = 1.295 μs, Q1 = 1.327 μs, Median = 1.338 μs, Q3 = 1.374 μs, Max = 1.404 μs
IQR = 0.047 μs, LowerFence = 1.257 μs, UpperFence = 1.444 μs
ConfidenceInterval = [1.322 μs; 1.374 μs] (CI 99.9%), Margin = 0.026 μs (1.95% of Mean)
Skewness = -0.02, Kurtosis = 1.65, MValue = 2
-------------------- Histogram --------------------
[1.289 μs ; 1.319 μs) | @@@@
[1.319 μs ; 1.350 μs) | @@@@@@@@
[1.350 μs ; 1.419 μs) | @@@@@@@@@@
---------------------------------------------------

FlagStoreBenchmarks.ToJson: .NET 8.0(Runtime=.NET 8.0) [FlagCount=100]
Runtime = .NET 8.0.22 (8.0.2225.52707), X64 RyuJIT AVX2; GC = Concurrent Workstation
Mean = 3.763 μs, StdErr = 0.045 μs (1.20%), N = 100, StdDev = 0.453 μs
Min = 2.365 μs, Q1 = 3.898 μs, Median = 3.923 μs, Q3 = 3.937 μs, Max = 3.996 μs
IQR = 0.039 μs, LowerFence = 3.839 μs, UpperFence = 3.996 μs
ConfidenceInterval = [3.609 μs; 3.917 μs] (CI 99.9%), Margin = 0.154 μs (4.08% of Mean)
Skewness = -2.45, Kurtosis = 7.09, MValue = 2
-------------------- Histogram --------------------
[2.333 μs ; 2.589 μs) | @@@@@@@@@@@
[2.589 μs ; 2.846 μs) | 
[2.846 μs ; 3.102 μs) | 
[3.102 μs ; 3.358 μs) | 
[3.358 μs ; 3.614 μs) | 
[3.614 μs ; 3.754 μs) | 
[3.754 μs ; 4.011 μs) | @@@@@@@@@@@@@@@@@@@@@@@@@@@@@@@@@@@@@@@@@@@@@@@@@@@@@@@@@@@@@@@@@@@@@@@@@@@@@@@@@@@@@@@@@
---------------------------------------------------

FlagStoreBenchmarks.FromJson: .NET 8.0(Runtime=.NET 8.0) [FlagCount=100]
Runtime = .NET 8.0.22 (8.0.2225.52707), X64 RyuJIT AVX2; GC = Concurrent Workstation
Mean = 15.526 μs, StdErr = 0.049 μs (0.32%), N = 14, StdDev = 0.184 μs
Min = 15.019 μs, Q1 = 15.553 μs, Median = 15.586 μs, Q3 = 15.614 μs, Max = 15.655 μs
IQR = 0.061 μs, LowerFence = 15.461 μs, UpperFence = 15.705 μs
ConfidenceInterval = [15.319 μs; 15.734 μs] (CI 99.9%), Margin = 0.208 μs (1.34% of Mean)
Skewness = -1.84, Kurtosis = 4.93, MValue = 2
-------------------- Histogram --------------------
[14.955 μs ; 15.756 μs) | @@@@@@@@@@@@@@
---------------------------------------------------

FlagStoreBenchmarks.Get_AllFlags: .NET 8.0(Runtime=.NET 8.0) [FlagCount=100]
Runtime = .NET 8.0.22 (8.0.2225.52707), X64 RyuJIT AVX2; GC = Concurrent Workstation
Mean = 10.018 μs, StdErr = 0.005 μs (0.05%), N = 15, StdDev = 0.021 μs
Min = 9.979 μs, Q1 = 10.005 μs, Median = 10.015 μs, Q3 = 10.029 μs, Max = 10.062 μs
IQR = 0.024 μs, LowerFence = 9.968 μs, UpperFence = 10.065 μs
ConfidenceInterval = [9.996 μs; 10.040 μs] (CI 99.9%), Margin = 0.022 μs (0.22% of Mean)
Skewness = 0.3, Kurtosis = 2.61, MValue = 2
-------------------- Histogram --------------------
[9.967 μs ; 10.073 μs) | @@@@@@@@@@@@@@@
---------------------------------------------------

FlagStoreBenchmarks.Set_AllFlags: .NET 8.0(Runtime=.NET 8.0) [FlagCount=100]
Runtime = .NET 8.0.22 (8.0.2225.52707), X64 RyuJIT AVX2; GC = Concurrent Workstation
Mean = 16.795 μs, StdErr = 0.013 μs (0.08%), N = 12, StdDev = 0.047 μs
Min = 16.667 μs, Q1 = 16.801 μs, Median = 16.808 μs, Q3 = 16.818 μs, Max = 16.844 μs
IQR = 0.016 μs, LowerFence = 16.777 μs, UpperFence = 16.842 μs
ConfidenceInterval = [16.736 μs; 16.855 μs] (CI 99.9%), Margin = 0.060 μs (0.36% of Mean)
Skewness = -1.71, Kurtosis = 5.06, MValue = 2
-------------------- Histogram --------------------
[16.640 μs ; 16.871 μs) | @@@@@@@@@@@@
---------------------------------------------------

FlagStoreBenchmarks.ToJson: .NET 8.0(Runtime=.NET 8.0) [FlagCount=1000]
Runtime = .NET 8.0.22 (8.0.2225.52707), X64 RyuJIT AVX2; GC = Concurrent Workstation
Mean = 38.753 μs, StdErr = 0.093 μs (0.24%), N = 15, StdDev = 0.361 μs
Min = 37.846 μs, Q1 = 38.690 μs, Median = 38.788 μs, Q3 = 39.007 μs, Max = 39.193 μs
IQR = 0.317 μs, LowerFence = 38.214 μs, UpperFence = 39.483 μs
ConfidenceInterval = [38.366 μs; 39.139 μs] (CI 99.9%), Margin = 0.386 μs (1.00% of Mean)
Skewness = -1.03, Kurtosis = 3.39, MValue = 2
-------------------- Histogram --------------------
[37.653 μs ; 39.339 μs) | @@@@@@@@@@@@@@@
---------------------------------------------------

FlagStoreBenchmarks.FromJson: .NET 8.0(Runtime=.NET 8.0) [FlagCount=1000]
Runtime = .NET 8.0.22 (8.0.2225.52707), X64 RyuJIT AVX2; GC = Concurrent Workstation
Mean = 161.885 μs, StdErr = 0.198 μs (0.12%), N = 15, StdDev = 0.768 μs
Min = 160.872 μs, Q1 = 161.333 μs, Median = 161.763 μs, Q3 = 162.239 μs, Max = 163.385 μs
IQR = 0.906 μs, LowerFence = 159.974 μs, UpperFence = 163.599 μs
ConfidenceInterval = [161.064 μs; 162.706 μs] (CI 99.9%), Margin = 0.821 μs (0.51% of Mean)
Skewness = 0.56, Kurtosis = 2.18, MValue = 2
-------------------- Histogram --------------------
[160.463 μs ; 163.794 μs) | @@@@@@@@@@@@@@@
---------------------------------------------------

FlagStoreBenchmarks.Get_AllFlags: .NET 8.0(Runtime=.NET 8.0) [FlagCount=1000]
Runtime = .NET 8.0.22 (8.0.2225.52707), X64 RyuJIT AVX2; GC = Concurrent Workstation
Mean = 106.720 μs, StdErr = 0.047 μs (0.04%), N = 14, StdDev = 0.176 μs
Min = 106.398 μs, Q1 = 106.626 μs, Median = 106.755 μs, Q3 = 106.846 μs, Max = 106.970 μs
IQR = 0.220 μs, LowerFence = 106.296 μs, UpperFence = 107.175 μs
ConfidenceInterval = [106.521 μs; 106.918 μs] (CI 99.9%), Margin = 0.198 μs (0.19% of Mean)
Skewness = -0.51, Kurtosis = 2.08, MValue = 2
-------------------- Histogram --------------------
[106.302 μs ; 107.065 μs) | @@@@@@@@@@@@@@
---------------------------------------------------

FlagStoreBenchmarks.Set_AllFlags: .NET 8.0(Runtime=.NET 8.0) [FlagCount=1000]
Runtime = .NET 8.0.22 (8.0.2225.52707), X64 RyuJIT AVX2; GC = Concurrent Workstation
Mean = 172.286 μs, StdErr = 0.734 μs (0.43%), N = 14, StdDev = 2.748 μs
Min = 166.247 μs, Q1 = 172.993 μs, Median = 173.544 μs, Q3 = 173.753 μs, Max = 174.763 μs
IQR = 0.760 μs, LowerFence = 171.852 μs, UpperFence = 174.893 μs
ConfidenceInterval = [169.187 μs; 175.386 μs] (CI 99.9%), Margin = 3.099 μs (1.80% of Mean)
Skewness = -1.23, Kurtosis = 2.73, MValue = 2
-------------------- Histogram --------------------
[165.525 μs ; 175.588 μs) | @@@@@@@@@@@@@@
---------------------------------------------------

FlagStoreBenchmarks.ToJson: .NET 8.0(Runtime=.NET 8.0) [FlagCount=10000]
Runtime = .NET 8.0.22 (8.0.2225.52707), X64 RyuJIT AVX2; GC = Concurrent Workstation
Mean = 518.010 μs, StdErr = 0.582 μs (0.11%), N = 15, StdDev = 2.255 μs
Min = 514.188 μs, Q1 = 516.549 μs, Median = 518.112 μs, Q3 = 519.261 μs, Max = 522.625 μs
IQR = 2.712 μs, LowerFence = 512.481 μs, UpperFence = 523.329 μs
ConfidenceInterval = [515.598 μs; 520.421 μs] (CI 99.9%), Margin = 2.411 μs (0.47% of Mean)
Skewness = 0.18, Kurtosis = 2.33, MValue = 2
-------------------- Histogram --------------------
[512.987 μs ; 523.826 μs) | @@@@@@@@@@@@@@@
---------------------------------------------------

FlagStoreBenchmarks.FromJson: .NET 8.0(Runtime=.NET 8.0) [FlagCount=10000]
Runtime = .NET 8.0.22 (8.0.2225.52707), X64 RyuJIT AVX2; GC = Concurrent Workstation
Mean = 5.783 ms, StdErr = 0.032 ms (0.55%), N = 32, StdDev = 0.179 ms
Min = 5.341 ms, Q1 = 5.694 ms, Median = 5.816 ms, Q3 = 5.933 ms, Max = 6.056 ms
IQR = 0.239 ms, LowerFence = 5.336 ms, UpperFence = 6.291 ms
ConfidenceInterval = [5.668 ms; 5.898 ms] (CI 99.9%), Margin = 0.115 ms (1.99% of Mean)
Skewness = -0.62, Kurtosis = 2.52, MValue = 2
-------------------- Histogram --------------------
[5.315 ms ; 5.486 ms) | @@
[5.486 ms ; 5.691 ms) | @@@@@
[5.691 ms ; 5.841 ms) | @@@@@@@@@@@
[5.841 ms ; 5.989 ms) | @@@@@@@@@@@@@
[5.989 ms ; 6.130 ms) | @
---------------------------------------------------

FlagStoreBenchmarks.Get_AllFlags: .NET 8.0(Runtime=.NET 8.0) [FlagCount=10000]
Runtime = .NET 8.0.22 (8.0.2225.52707), X64 RyuJIT AVX2; GC = Concurrent Workstation
Mean = 1.136 ms, StdErr = 0.001 ms (0.06%), N = 12, StdDev = 0.003 ms
Min = 1.132 ms, Q1 = 1.133 ms, Median = 1.136 ms, Q3 = 1.137 ms, Max = 1.140 ms
IQR = 0.004 ms, LowerFence = 1.128 ms, UpperFence = 1.142 ms
ConfidenceInterval = [1.132 ms; 1.139 ms] (CI 99.9%), Margin = 0.003 ms (0.29% of Mean)
Skewness = 0.13, Kurtosis = 1.66, MValue = 2
-------------------- Histogram --------------------
[1.130 ms ; 1.142 ms) | @@@@@@@@@@@@
---------------------------------------------------

FlagStoreBenchmarks.Set_AllFlags: .NET 8.0(Runtime=.NET 8.0) [FlagCount=10000]
Runtime = .NET 8.0.22 (8.0.2225.52707), X64 RyuJIT AVX2; GC = Concurrent Workstation
Mean = 3.995 ms, StdErr = 0.015 ms (0.38%), N = 15, StdDev = 0.059 ms
Min = 3.917 ms, Q1 = 3.951 ms, Median = 3.972 ms, Q3 = 4.026 ms, Max = 4.130 ms
IQR = 0.075 ms, LowerFence = 3.839 ms, UpperFence = 4.138 ms
ConfidenceInterval = [3.932 ms; 4.057 ms] (CI 99.9%), Margin = 0.063 ms (1.57% of Mean)
Skewness = 0.69, Kurtosis = 2.5, MValue = 2
-------------------- Histogram --------------------
[3.905 ms ; 4.005 ms) | @@@@@@@@
[4.005 ms ; 4.161 ms) | @@@@@@@
---------------------------------------------------

// * Summary *

BenchmarkDotNet v0.14.0, Windows 11 (10.0.26200.8524)
Unknown processor
.NET SDK 9.0.309
  [Host]   : .NET 8.0.22 (8.0.2225.52707), X64 RyuJIT AVX2
  .NET 8.0 : .NET 8.0.22 (8.0.2225.52707), X64 RyuJIT AVX2

Job=.NET 8.0  Runtime=.NET 8.0  

| Method       | FlagCount | Mean           | Error         | StdDev        | Median         | Ratio | RatioSD | Gen0     | Gen1     | Gen2     | Allocated | Alloc Ratio |
|------------- |---------- |---------------:|--------------:|--------------:|---------------:|------:|--------:|---------:|---------:|---------:|----------:|------------:|
| ToJson       | 10        |       298.0 ns |       5.97 ns |       6.13 ns |       297.3 ns |  1.00 |    0.03 |   0.0329 |        - |        - |     520 B |        1.00 |
| FromJson     | 10        |     1,333.8 ns |      26.43 ns |      31.46 ns |     1,339.1 ns |  4.48 |    0.14 |   0.2537 |   0.0019 |        - |    3992 B |        7.68 |
| Get_AllFlags | 10        |       789.4 ns |      31.68 ns |      93.42 ns |       733.7 ns |  2.65 |    0.32 |   0.0401 |        - |        - |     640 B |        1.23 |
| Set_AllFlags | 10        |     1,348.2 ns |      26.32 ns |      32.32 ns |     1,338.3 ns |  4.53 |    0.14 |   0.1907 |   0.0019 |        - |    2992 B |        5.75 |
|              |           |                |               |               |                |       |         |          |          |          |           |             |
| ToJson       | 100       |     3,762.9 ns |     153.67 ns |     453.10 ns |     3,923.3 ns |  1.02 |    0.21 |   0.3281 |        - |        - |    5168 B |        1.00 |
| FromJson     | 100       |    15,526.5 ns |     207.77 ns |     184.18 ns |    15,585.5 ns |  4.21 |    0.72 |   2.6093 |   0.2289 |        - |   41000 B |        7.93 |
| Get_AllFlags | 100       |    10,017.9 ns |      22.29 ns |      20.85 ns |    10,014.8 ns |  2.72 |    0.46 |   0.3815 |        - |        - |    6160 B |        1.19 |
| Set_AllFlags | 100       |    16,795.4 ns |      59.66 ns |      46.58 ns |    16,807.9 ns |  4.56 |    0.78 |   1.9836 |   0.1678 |        - |   31336 B |        6.06 |
|              |           |                |               |               |                |       |         |          |          |          |           |             |
| ToJson       | 1000      |    38,752.6 ns |     386.17 ns |     361.23 ns |    38,788.5 ns |  1.00 |    0.01 |   3.4485 |        - |        - |   54672 B |        1.00 |
| FromJson     | 1000      |   161,885.1 ns |     820.89 ns |     767.87 ns |   161,763.5 ns |  4.18 |    0.04 |  26.1230 |  14.1602 |        - |  411944 B |        7.53 |
| Get_AllFlags | 1000      |   106,719.6 ns |     198.30 ns |     175.79 ns |   106,755.5 ns |  2.75 |    0.03 |   3.9063 |        - |        - |   61360 B |        1.12 |
| Set_AllFlags | 1000      |   172,286.3 ns |   3,099.45 ns |   2,747.58 ns |   173,544.4 ns |  4.45 |    0.08 |  20.0195 |  11.9629 |        - |  315208 B |        5.77 |
|              |           |                |               |               |                |       |         |          |          |          |           |             |
| ToJson       | 10000     |   518,009.7 ns |   2,411.21 ns |   2,255.44 ns |   518,111.9 ns |  1.00 |    0.01 | 137.6953 | 137.6953 | 137.6953 |  579761 B |        1.00 |
| FromJson     | 10000     | 5,783,087.4 ns | 115,031.35 ns | 179,089.96 ns | 5,815,769.9 ns | 11.16 |    0.34 | 515.6250 | 507.8125 | 390.6250 | 3939946 B |        6.80 |
| Get_AllFlags | 10000     | 1,135,742.2 ns |   3,250.42 ns |   2,537.71 ns | 1,136,180.1 ns |  2.19 |    0.01 |  41.9922 |        - |        - |  661361 B |        1.14 |
| Set_AllFlags | 10000     | 3,994,679.0 ns |  62,703.40 ns |  58,652.80 ns | 3,972,167.6 ns |  7.71 |    0.11 | 375.0000 | 371.0938 | 242.1875 | 3051117 B |        5.26 |

// * Warnings *
MultimodalDistribution
  FlagStoreBenchmarks.Get_AllFlags: .NET 8.0 -> It seems that the distribution is bimodal (mValue = 3.46)

// * Hints *
Outliers
  FlagStoreBenchmarks.ToJson: .NET 8.0       -> 13 outliers were detected (2.37 μs..3.80 μs)
  FlagStoreBenchmarks.FromJson: .NET 8.0     -> 1 outlier  was  removed, 3 outliers were detected (15.02 μs, 15.20 μs, 15.82 μs)
  FlagStoreBenchmarks.Set_AllFlags: .NET 8.0 -> 3 outliers were removed, 5 outliers were detected (16.67 μs, 16.75 μs, 16.88 μs..16.96 μs)
  FlagStoreBenchmarks.ToJson: .NET 8.0       -> 2 outliers were detected (37.85 μs, 38.19 μs)
  FlagStoreBenchmarks.Get_AllFlags: .NET 8.0 -> 1 outlier  was  removed (107.51 μs)
  FlagStoreBenchmarks.Set_AllFlags: .NET 8.0 -> 1 outlier  was  removed, 4 outliers were detected (166.25 μs..168.15 μs, 175.41 μs)
  FlagStoreBenchmarks.Get_AllFlags: .NET 8.0 -> 3 outliers were removed (1.15 ms..1.17 ms)

// * Legends *
  FlagCount   : Value of the 'FlagCount' parameter
  Mean        : Arithmetic mean of all measurements
  Error       : Half of 99.9% confidence interval
  StdDev      : Standard deviation of all measurements
  Median      : Value separating the higher half of all measurements (50th percentile)
  Ratio       : Mean of the ratio distribution ([Current]/[Baseline])
  RatioSD     : Standard deviation of the ratio distribution ([Current]/[Baseline])
  Gen0        : GC Generation 0 collects per 1000 operations
  Gen1        : GC Generation 1 collects per 1000 operations
  Gen2        : GC Generation 2 collects per 1000 operations
  Allocated   : Allocated memory per single operation (managed only, inclusive, 1KB = 1024B)
  Alloc Ratio : Allocated memory ratio distribution ([Current]/[Baseline])
  1 ns        : 1 Nanosecond (0.000000001 sec)

// * Diagnostic Output - MemoryDiagnoser *


// ***** BenchmarkRunner: End *****
Run time: 00:08:57 (537.81 sec), executed benchmarks: 16

// Found 16 benchmarks:
//   SaveRepositoryBenchmarks.LoadMostRecent: .NET 8.0(Runtime=.NET 8.0) [SaveFileCount=1]
//   SaveRepositoryBenchmarks.Save_Single: .NET 8.0(Runtime=.NET 8.0) [SaveFileCount=1]
//   SaveRepositoryBenchmarks.Save_Then_Load_Roundtrip: .NET 8.0(Runtime=.NET 8.0) [SaveFileCount=1]
//   SaveRepositoryBenchmarks.HasAnySave: .NET 8.0(Runtime=.NET 8.0) [SaveFileCount=1]
//   SaveRepositoryBenchmarks.LoadMostRecent: .NET 8.0(Runtime=.NET 8.0) [SaveFileCount=5]
//   SaveRepositoryBenchmarks.Save_Single: .NET 8.0(Runtime=.NET 8.0) [SaveFileCount=5]
//   SaveRepositoryBenchmarks.Save_Then_Load_Roundtrip: .NET 8.0(Runtime=.NET 8.0) [SaveFileCount=5]
//   SaveRepositoryBenchmarks.HasAnySave: .NET 8.0(Runtime=.NET 8.0) [SaveFileCount=5]
//   SaveRepositoryBenchmarks.LoadMostRecent: .NET 8.0(Runtime=.NET 8.0) [SaveFileCount=20]
//   SaveRepositoryBenchmarks.Save_Single: .NET 8.0(Runtime=.NET 8.0) [SaveFileCount=20]
//   SaveRepositoryBenchmarks.Save_Then_Load_Roundtrip: .NET 8.0(Runtime=.NET 8.0) [SaveFileCount=20]
//   SaveRepositoryBenchmarks.HasAnySave: .NET 8.0(Runtime=.NET 8.0) [SaveFileCount=20]
//   SaveRepositoryBenchmarks.LoadMostRecent: .NET 8.0(Runtime=.NET 8.0) [SaveFileCount=50]
//   SaveRepositoryBenchmarks.Save_Single: .NET 8.0(Runtime=.NET 8.0) [SaveFileCount=50]
//   SaveRepositoryBenchmarks.Save_Then_Load_Roundtrip: .NET 8.0(Runtime=.NET 8.0) [SaveFileCount=50]
//   SaveRepositoryBenchmarks.HasAnySave: .NET 8.0(Runtime=.NET 8.0) [SaveFileCount=50]

Setup power plan (GUID: 8c5e7fda-e8bf-4a96-9a85-a6e23a8c635c FriendlyName: Alto rendimiento)
// **************************
// Benchmark: SaveRepositoryBenchmarks.LoadMostRecent: .NET 8.0(Runtime=.NET 8.0) [SaveFileCount=1]
// *** Execute ***
// Launch: 1 / 1
// Execute: dotnet aa0c72c8-782f-4e5d-b357-a1c5d5f4f806.dll --anonymousPipes 1192 1212 --benchmarkName "ConsoleEngine.Benchmarks.SaveRepositoryBenchmarks.LoadMostRecent(SaveFileCount: 1)" --job ".NET 8.0" --benchmarkId 16 in C:\Users\maxli\ConsoleEngine\src\ConsoleEngine.Benchmarks\bin\Release\net8.0\aa0c72c8-782f-4e5d-b357-a1c5d5f4f806\bin\Release\net8.0
// BeforeAnythingElse

// Benchmark Process Environment Information:
// BenchmarkDotNet v0.14.0
// Runtime=.NET 8.0.22 (8.0.2225.52707), X64 RyuJIT AVX2
// GC=Concurrent Workstation
// HardwareIntrinsics=AVX2,AES,BMI1,BMI2,FMA,LZCNT,PCLMUL,POPCNT,AvxVnni,SERIALIZE VectorSize=256
// Job: .NET 8.0

OverheadJitting  1: 1 op, 149300.00 ns, 149.3000 us/op
WorkloadJitting  1: 1 op, 3934400.00 ns, 3.9344 ms/op

OverheadJitting  2: 16 op, 254000.00 ns, 15.8750 us/op
WorkloadJitting  2: 16 op, 3398100.00 ns, 212.3813 us/op

WorkloadPilot    1: 16 op, 2182700.00 ns, 136.4188 us/op
WorkloadPilot    2: 32 op, 4193600.00 ns, 131.0500 us/op
WorkloadPilot    3: 64 op, 9013000.00 ns, 140.8281 us/op
WorkloadPilot    4: 128 op, 18875500.00 ns, 147.4648 us/op
WorkloadPilot    5: 256 op, 35682700.00 ns, 139.3855 us/op
WorkloadPilot    6: 512 op, 69927100.00 ns, 136.5764 us/op
WorkloadPilot    7: 1024 op, 146608800.00 ns, 143.1727 us/op
WorkloadPilot    8: 2048 op, 327963200.00 ns, 160.1383 us/op
WorkloadPilot    9: 4096 op, 620163800.00 ns, 151.4072 us/op

OverheadWarmup   1: 4096 op, 8700.00 ns, 2.1240 ns/op
OverheadWarmup   2: 4096 op, 7700.00 ns, 1.8799 ns/op
OverheadWarmup   3: 4096 op, 7400.00 ns, 1.8066 ns/op
OverheadWarmup   4: 4096 op, 7300.00 ns, 1.7822 ns/op
OverheadWarmup   5: 4096 op, 8200.00 ns, 2.0020 ns/op
OverheadWarmup   6: 4096 op, 7400.00 ns, 1.8066 ns/op
OverheadWarmup   7: 4096 op, 7300.00 ns, 1.7822 ns/op
OverheadWarmup   8: 4096 op, 7300.00 ns, 1.7822 ns/op
OverheadWarmup   9: 4096 op, 7400.00 ns, 1.8066 ns/op

OverheadActual   1: 4096 op, 7700.00 ns, 1.8799 ns/op
OverheadActual   2: 4096 op, 7600.00 ns, 1.8555 ns/op
OverheadActual   3: 4096 op, 7700.00 ns, 1.8799 ns/op
OverheadActual   4: 4096 op, 7400.00 ns, 1.8066 ns/op
OverheadActual   5: 4096 op, 7600.00 ns, 1.8555 ns/op
OverheadActual   6: 4096 op, 7300.00 ns, 1.7822 ns/op
OverheadActual   7: 4096 op, 7500.00 ns, 1.8311 ns/op
OverheadActual   8: 4096 op, 7900.00 ns, 1.9287 ns/op
OverheadActual   9: 4096 op, 7300.00 ns, 1.7822 ns/op
OverheadActual  10: 4096 op, 7300.00 ns, 1.7822 ns/op
OverheadActual  11: 4096 op, 7400.00 ns, 1.8066 ns/op
OverheadActual  12: 4096 op, 7300.00 ns, 1.7822 ns/op
OverheadActual  13: 4096 op, 7300.00 ns, 1.7822 ns/op
OverheadActual  14: 4096 op, 7500.00 ns, 1.8311 ns/op
OverheadActual  15: 4096 op, 7400.00 ns, 1.8066 ns/op

WorkloadWarmup   1: 4096 op, 554552600.00 ns, 135.3888 us/op
WorkloadWarmup   2: 4096 op, 565032600.00 ns, 137.9474 us/op
WorkloadWarmup   3: 4096 op, 572885700.00 ns, 139.8647 us/op
WorkloadWarmup   4: 4096 op, 768828500.00 ns, 187.7023 us/op
WorkloadWarmup   5: 4096 op, 761128600.00 ns, 185.8224 us/op
WorkloadWarmup   6: 4096 op, 772388700.00 ns, 188.5715 us/op
WorkloadWarmup   7: 4096 op, 761497300.00 ns, 185.9124 us/op

// BeforeActualRun
WorkloadActual   1: 4096 op, 754978600.00 ns, 184.3209 us/op
WorkloadActual   2: 4096 op, 761323900.00 ns, 185.8701 us/op
WorkloadActual   3: 4096 op, 769290500.00 ns, 187.8151 us/op
WorkloadActual   4: 4096 op, 771496900.00 ns, 188.3537 us/op
WorkloadActual   5: 4096 op, 760363400.00 ns, 185.6356 us/op
WorkloadActual   6: 4096 op, 786118100.00 ns, 191.9234 us/op
WorkloadActual   7: 4096 op, 772477200.00 ns, 188.5931 us/op
WorkloadActual   8: 4096 op, 768005100.00 ns, 187.5012 us/op
WorkloadActual   9: 4096 op, 771676800.00 ns, 188.3977 us/op
WorkloadActual  10: 4096 op, 762458500.00 ns, 186.1471 us/op
WorkloadActual  11: 4096 op, 785841700.00 ns, 191.8559 us/op
WorkloadActual  12: 4096 op, 797059800.00 ns, 194.5947 us/op
WorkloadActual  13: 4096 op, 773946600.00 ns, 188.9518 us/op
WorkloadActual  14: 4096 op, 767245800.00 ns, 187.3159 us/op
WorkloadActual  15: 4096 op, 776030600.00 ns, 189.4606 us/op

// AfterActualRun
WorkloadResult   1: 4096 op, 754971200.00 ns, 184.3191 us/op
WorkloadResult   2: 4096 op, 761316500.00 ns, 185.8683 us/op
WorkloadResult   3: 4096 op, 769283100.00 ns, 187.8133 us/op
WorkloadResult   4: 4096 op, 771489500.00 ns, 188.3519 us/op
WorkloadResult   5: 4096 op, 760356000.00 ns, 185.6338 us/op
WorkloadResult   6: 4096 op, 786110700.00 ns, 191.9216 us/op
WorkloadResult   7: 4096 op, 772469800.00 ns, 188.5913 us/op
WorkloadResult   8: 4096 op, 767997700.00 ns, 187.4994 us/op
WorkloadResult   9: 4096 op, 771669400.00 ns, 188.3958 us/op
WorkloadResult  10: 4096 op, 762451100.00 ns, 186.1453 us/op
WorkloadResult  11: 4096 op, 785834300.00 ns, 191.8541 us/op
WorkloadResult  12: 4096 op, 773939200.00 ns, 188.9500 us/op
WorkloadResult  13: 4096 op, 767238400.00 ns, 187.3141 us/op
WorkloadResult  14: 4096 op, 776023200.00 ns, 189.4588 us/op
// GC:  2 0 0 42762976 4096
// Threading:  0 0 4096

// AfterAll
// Benchmark Process 9464 has exited with code 0.

Mean = 188.008 μs, StdErr = 0.583 μs (0.31%), N = 14, StdDev = 2.180 μs
Min = 184.319 μs, Q1 = 186.437 μs, Median = 188.083 μs, Q3 = 188.860 μs, Max = 191.922 μs
IQR = 2.423 μs, LowerFence = 182.803 μs, UpperFence = 192.495 μs
ConfidenceInterval = [185.549 μs; 190.467 μs] (CI 99.9%), Margin = 2.459 μs (1.31% of Mean)
Skewness = 0.28, Kurtosis = 2.24, MValue = 2

// ** Remained 15 (46,9 %) benchmark(s) to run. Estimated finish 2026-05-29 20:56 (0h 8m from now) **
Setup power plan (GUID: 8c5e7fda-e8bf-4a96-9a85-a6e23a8c635c FriendlyName: Alto rendimiento)
// **************************
// Benchmark: SaveRepositoryBenchmarks.Save_Single: .NET 8.0(Runtime=.NET 8.0) [SaveFileCount=1]
// *** Execute ***
// Launch: 1 / 1
// Execute: dotnet aa0c72c8-782f-4e5d-b357-a1c5d5f4f806.dll --anonymousPipes 1148 1172 --benchmarkName "ConsoleEngine.Benchmarks.SaveRepositoryBenchmarks.Save_Single(SaveFileCount: 1)" --job ".NET 8.0" --benchmarkId 17 in C:\Users\maxli\ConsoleEngine\src\ConsoleEngine.Benchmarks\bin\Release\net8.0\aa0c72c8-782f-4e5d-b357-a1c5d5f4f806\bin\Release\net8.0
// BeforeAnythingElse

// Benchmark Process Environment Information:
// BenchmarkDotNet v0.14.0
// Runtime=.NET 8.0.22 (8.0.2225.52707), X64 RyuJIT AVX2
// GC=Concurrent Workstation
// HardwareIntrinsics=AVX2,AES,BMI1,BMI2,FMA,LZCNT,PCLMUL,POPCNT,AvxVnni,SERIALIZE VectorSize=256
// Job: .NET 8.0

OverheadJitting  1: 1 op, 276600.00 ns, 276.6000 us/op
WorkloadJitting  1: 1 op, 751100.00 ns, 751.1000 us/op

OverheadJitting  2: 16 op, 140400.00 ns, 8.7750 us/op
WorkloadJitting  2: 16 op, 2513900.00 ns, 157.1188 us/op

WorkloadPilot    1: 16 op, 2169100.00 ns, 135.5688 us/op
WorkloadPilot    2: 32 op, 4156500.00 ns, 129.8906 us/op
WorkloadPilot    3: 64 op, 8322000.00 ns, 130.0313 us/op
WorkloadPilot    4: 128 op, 15980000.00 ns, 124.8438 us/op
WorkloadPilot    5: 256 op, 32621800.00 ns, 127.4289 us/op
WorkloadPilot    6: 512 op, 68081100.00 ns, 132.9709 us/op
WorkloadPilot    7: 1024 op, 131939900.00 ns, 128.8476 us/op
WorkloadPilot    8: 2048 op, 262476900.00 ns, 128.1625 us/op
WorkloadPilot    9: 4096 op, 539115200.00 ns, 131.6199 us/op

OverheadWarmup   1: 4096 op, 6300.00 ns, 1.5381 ns/op
OverheadWarmup   2: 4096 op, 6000.00 ns, 1.4648 ns/op
OverheadWarmup   3: 4096 op, 5300.00 ns, 1.2939 ns/op
OverheadWarmup   4: 4096 op, 5800.00 ns, 1.4160 ns/op
OverheadWarmup   5: 4096 op, 5500.00 ns, 1.3428 ns/op
OverheadWarmup   6: 4096 op, 5600.00 ns, 1.3672 ns/op
OverheadWarmup   7: 4096 op, 5400.00 ns, 1.3184 ns/op

OverheadActual   1: 4096 op, 6200.00 ns, 1.5137 ns/op
OverheadActual   2: 4096 op, 5500.00 ns, 1.3428 ns/op
OverheadActual   3: 4096 op, 7800.00 ns, 1.9043 ns/op
OverheadActual   4: 4096 op, 5300.00 ns, 1.2939 ns/op
OverheadActual   5: 4096 op, 6000.00 ns, 1.4648 ns/op
OverheadActual   6: 4096 op, 5400.00 ns, 1.3184 ns/op
OverheadActual   7: 4096 op, 6000.00 ns, 1.4648 ns/op
OverheadActual   8: 4096 op, 5500.00 ns, 1.3428 ns/op
OverheadActual   9: 4096 op, 6300.00 ns, 1.5381 ns/op
OverheadActual  10: 4096 op, 7100.00 ns, 1.7334 ns/op
OverheadActual  11: 4096 op, 5900.00 ns, 1.4404 ns/op
OverheadActual  12: 4096 op, 5200.00 ns, 1.2695 ns/op
OverheadActual  13: 4096 op, 5200.00 ns, 1.2695 ns/op
OverheadActual  14: 4096 op, 5400.00 ns, 1.3184 ns/op
OverheadActual  15: 4096 op, 5600.00 ns, 1.3672 ns/op
OverheadActual  16: 4096 op, 5400.00 ns, 1.3184 ns/op
OverheadActual  17: 4096 op, 6100.00 ns, 1.4893 ns/op
OverheadActual  18: 4096 op, 5900.00 ns, 1.4404 ns/op
OverheadActual  19: 4096 op, 6600.00 ns, 1.6113 ns/op
OverheadActual  20: 4096 op, 5500.00 ns, 1.3428 ns/op

WorkloadWarmup   1: 4096 op, 501809700.00 ns, 122.5121 us/op
WorkloadWarmup   2: 4096 op, 474488100.00 ns, 115.8418 us/op
WorkloadWarmup   3: 4096 op, 450526600.00 ns, 109.9918 us/op
WorkloadWarmup   4: 4096 op, 568321300.00 ns, 138.7503 us/op
WorkloadWarmup   5: 4096 op, 799041000.00 ns, 195.0784 us/op
WorkloadWarmup   6: 4096 op, 830375000.00 ns, 202.7283 us/op
WorkloadWarmup   7: 4096 op, 805336600.00 ns, 196.6154 us/op
WorkloadWarmup   8: 4096 op, 797345400.00 ns, 194.6644 us/op
WorkloadWarmup   9: 4096 op, 810001800.00 ns, 197.7543 us/op
WorkloadWarmup  10: 4096 op, 817445900.00 ns, 199.5718 us/op
WorkloadWarmup  11: 4096 op, 816244000.00 ns, 199.2783 us/op

// BeforeActualRun
WorkloadActual   1: 4096 op, 808596400.00 ns, 197.4112 us/op
WorkloadActual   2: 4096 op, 822998400.00 ns, 200.9273 us/op
WorkloadActual   3: 4096 op, 811428900.00 ns, 198.1028 us/op
WorkloadActual   4: 4096 op, 804051500.00 ns, 196.3016 us/op
WorkloadActual   5: 4096 op, 802682500.00 ns, 195.9674 us/op
WorkloadActual   6: 4096 op, 834935500.00 ns, 203.8417 us/op
WorkloadActual   7: 4096 op, 796524900.00 ns, 194.4641 us/op
WorkloadActual   8: 4096 op, 807902200.00 ns, 197.2417 us/op
WorkloadActual   9: 4096 op, 807859900.00 ns, 197.2314 us/op
WorkloadActual  10: 4096 op, 820318800.00 ns, 200.2731 us/op
WorkloadActual  11: 4096 op, 807894900.00 ns, 197.2400 us/op
WorkloadActual  12: 4096 op, 801885600.00 ns, 195.7729 us/op
WorkloadActual  13: 4096 op, 804841500.00 ns, 196.4945 us/op
WorkloadActual  14: 4096 op, 817359700.00 ns, 199.5507 us/op
WorkloadActual  15: 4096 op, 805102300.00 ns, 196.5582 us/op

// AfterActualRun
WorkloadResult   1: 4096 op, 808590650.00 ns, 197.4098 us/op
WorkloadResult   2: 4096 op, 822992650.00 ns, 200.9259 us/op
WorkloadResult   3: 4096 op, 811423150.00 ns, 198.1014 us/op
WorkloadResult   4: 4096 op, 804045750.00 ns, 196.3002 us/op
WorkloadResult   5: 4096 op, 802676750.00 ns, 195.9660 us/op
WorkloadResult   6: 4096 op, 796519150.00 ns, 194.4627 us/op
WorkloadResult   7: 4096 op, 807896450.00 ns, 197.2403 us/op
WorkloadResult   8: 4096 op, 807854150.00 ns, 197.2300 us/op
WorkloadResult   9: 4096 op, 820313050.00 ns, 200.2717 us/op
WorkloadResult  10: 4096 op, 807889150.00 ns, 197.2386 us/op
WorkloadResult  11: 4096 op, 801879850.00 ns, 195.7714 us/op
WorkloadResult  12: 4096 op, 804835750.00 ns, 196.4931 us/op
WorkloadResult  13: 4096 op, 817353950.00 ns, 199.5493 us/op
WorkloadResult  14: 4096 op, 805096550.00 ns, 196.5568 us/op
// GC:  0 0 0 10486704 4096
// Threading:  0 0 4096

// AfterAll
// Benchmark Process 38236 has exited with code 0.

Mean = 197.394 μs, StdErr = 0.480 μs (0.24%), N = 14, StdDev = 1.796 μs
Min = 194.463 μs, Q1 = 196.348 μs, Median = 197.234 μs, Q3 = 197.928 μs, Max = 200.926 μs
IQR = 1.580 μs, LowerFence = 193.978 μs, UpperFence = 200.299 μs
ConfidenceInterval = [195.368 μs; 199.421 μs] (CI 99.9%), Margin = 2.026 μs (1.03% of Mean)
Skewness = 0.53, Kurtosis = 2.29, MValue = 2

// ** Remained 14 (43,8 %) benchmark(s) to run. Estimated finish 2026-05-29 20:56 (0h 7m from now) **
Setup power plan (GUID: 8c5e7fda-e8bf-4a96-9a85-a6e23a8c635c FriendlyName: Alto rendimiento)
// **************************
// Benchmark: SaveRepositoryBenchmarks.Save_Then_Load_Roundtrip: .NET 8.0(Runtime=.NET 8.0) [SaveFileCount=1]
// *** Execute ***
// Launch: 1 / 1
// Execute: dotnet aa0c72c8-782f-4e5d-b357-a1c5d5f4f806.dll --anonymousPipes 1852 1164 --benchmarkName "ConsoleEngine.Benchmarks.SaveRepositoryBenchmarks.Save_Then_Load_Roundtrip(SaveFileCount: 1)" --job ".NET 8.0" --benchmarkId 18 in C:\Users\maxli\ConsoleEngine\src\ConsoleEngine.Benchmarks\bin\Release\net8.0\aa0c72c8-782f-4e5d-b357-a1c5d5f4f806\bin\Release\net8.0
// BeforeAnythingElse

// Benchmark Process Environment Information:
// BenchmarkDotNet v0.14.0
// Runtime=.NET 8.0.22 (8.0.2225.52707), X64 RyuJIT AVX2
// GC=Concurrent Workstation
// HardwareIntrinsics=AVX2,AES,BMI1,BMI2,FMA,LZCNT,PCLMUL,POPCNT,AvxVnni,SERIALIZE VectorSize=256
// Job: .NET 8.0

OverheadJitting  1: 1 op, 117600.00 ns, 117.6000 us/op
WorkloadJitting  1: 1 op, 4824200.00 ns, 4.8242 ms/op

OverheadJitting  2: 16 op, 98500.00 ns, 6.1563 us/op
WorkloadJitting  2: 16 op, 6849300.00 ns, 428.0813 us/op

WorkloadPilot    1: 16 op, 6514200.00 ns, 407.1375 us/op
WorkloadPilot    2: 32 op, 12002600.00 ns, 375.0813 us/op
WorkloadPilot    3: 64 op, 24928100.00 ns, 389.5016 us/op
WorkloadPilot    4: 128 op, 50473300.00 ns, 394.3227 us/op
WorkloadPilot    5: 256 op, 99797400.00 ns, 389.8336 us/op
WorkloadPilot    6: 512 op, 199278800.00 ns, 389.2164 us/op
WorkloadPilot    7: 1024 op, 393821800.00 ns, 384.5916 us/op
WorkloadPilot    8: 2048 op, 721305500.00 ns, 352.2000 us/op

OverheadWarmup   1: 2048 op, 4400.00 ns, 2.1484 ns/op
OverheadWarmup   2: 2048 op, 2900.00 ns, 1.4160 ns/op
OverheadWarmup   3: 2048 op, 2700.00 ns, 1.3184 ns/op
OverheadWarmup   4: 2048 op, 2400.00 ns, 1.1719 ns/op
OverheadWarmup   5: 2048 op, 2700.00 ns, 1.3184 ns/op
OverheadWarmup   6: 2048 op, 3500.00 ns, 1.7090 ns/op
OverheadWarmup   7: 2048 op, 2800.00 ns, 1.3672 ns/op
OverheadWarmup   8: 2048 op, 2700.00 ns, 1.3184 ns/op
OverheadWarmup   9: 2048 op, 2800.00 ns, 1.3672 ns/op
OverheadWarmup  10: 2048 op, 2600.00 ns, 1.2695 ns/op

OverheadActual   1: 2048 op, 3300.00 ns, 1.6113 ns/op
OverheadActual   2: 2048 op, 2900.00 ns, 1.4160 ns/op
OverheadActual   3: 2048 op, 3600.00 ns, 1.7578 ns/op
OverheadActual   4: 2048 op, 3300.00 ns, 1.6113 ns/op
OverheadActual   5: 2048 op, 3000.00 ns, 1.4648 ns/op
OverheadActual   6: 2048 op, 2700.00 ns, 1.3184 ns/op
OverheadActual   7: 2048 op, 2800.00 ns, 1.3672 ns/op
OverheadActual   8: 2048 op, 2600.00 ns, 1.2695 ns/op
OverheadActual   9: 2048 op, 2800.00 ns, 1.3672 ns/op
OverheadActual  10: 2048 op, 2400.00 ns, 1.1719 ns/op
OverheadActual  11: 2048 op, 3600.00 ns, 1.7578 ns/op
OverheadActual  12: 2048 op, 2800.00 ns, 1.3672 ns/op
OverheadActual  13: 2048 op, 2700.00 ns, 1.3184 ns/op
OverheadActual  14: 2048 op, 2600.00 ns, 1.2695 ns/op
OverheadActual  15: 2048 op, 3600.00 ns, 1.7578 ns/op
OverheadActual  16: 2048 op, 2600.00 ns, 1.2695 ns/op
OverheadActual  17: 2048 op, 3500.00 ns, 1.7090 ns/op
OverheadActual  18: 2048 op, 3100.00 ns, 1.5137 ns/op
OverheadActual  19: 2048 op, 2600.00 ns, 1.2695 ns/op
OverheadActual  20: 2048 op, 2700.00 ns, 1.3184 ns/op

WorkloadWarmup   1: 2048 op, 716783400.00 ns, 349.9919 us/op
WorkloadWarmup   2: 2048 op, 705072600.00 ns, 344.2737 us/op
WorkloadWarmup   3: 2048 op, 903466100.00 ns, 441.1456 us/op
WorkloadWarmup   4: 2048 op, 902658000.00 ns, 440.7510 us/op
WorkloadWarmup   5: 2048 op, 883436700.00 ns, 431.3656 us/op
WorkloadWarmup   6: 2048 op, 898798800.00 ns, 438.8666 us/op
WorkloadWarmup   7: 2048 op, 904727500.00 ns, 441.7615 us/op
WorkloadWarmup   8: 2048 op, 914121600.00 ns, 446.3484 us/op
WorkloadWarmup   9: 2048 op, 896734500.00 ns, 437.8586 us/op

// BeforeActualRun
WorkloadActual   1: 2048 op, 909644500.00 ns, 444.1624 us/op
WorkloadActual   2: 2048 op, 922419700.00 ns, 450.4002 us/op
WorkloadActual   3: 2048 op, 909084700.00 ns, 443.8890 us/op
WorkloadActual   4: 2048 op, 921962500.00 ns, 450.1770 us/op
WorkloadActual   5: 2048 op, 909904200.00 ns, 444.2892 us/op
WorkloadActual   6: 2048 op, 916891300.00 ns, 447.7008 us/op
WorkloadActual   7: 2048 op, 912381000.00 ns, 445.4985 us/op
WorkloadActual   8: 2048 op, 899489800.00 ns, 439.2040 us/op
WorkloadActual   9: 2048 op, 893082800.00 ns, 436.0756 us/op
WorkloadActual  10: 2048 op, 905769500.00 ns, 442.2703 us/op
WorkloadActual  11: 2048 op, 904884900.00 ns, 441.8383 us/op
WorkloadActual  12: 2048 op, 858620400.00 ns, 419.2482 us/op
WorkloadActual  13: 2048 op, 841202400.00 ns, 410.7434 us/op
WorkloadActual  14: 2048 op, 912273600.00 ns, 445.4461 us/op
WorkloadActual  15: 2048 op, 923519800.00 ns, 450.9374 us/op
WorkloadActual  16: 2048 op, 939970600.00 ns, 458.9700 us/op
WorkloadActual  17: 2048 op, 953158200.00 ns, 465.4093 us/op
WorkloadActual  18: 2048 op, 955778600.00 ns, 466.6888 us/op
WorkloadActual  19: 2048 op, 937848500.00 ns, 457.9338 us/op
WorkloadActual  20: 2048 op, 945679300.00 ns, 461.7575 us/op
WorkloadActual  21: 2048 op, 929848800.00 ns, 454.0277 us/op
WorkloadActual  22: 2048 op, 958583900.00 ns, 468.0585 us/op
WorkloadActual  23: 2048 op, 941773700.00 ns, 459.8504 us/op
WorkloadActual  24: 2048 op, 965225700.00 ns, 471.3016 us/op
WorkloadActual  25: 2048 op, 965637400.00 ns, 471.5026 us/op
WorkloadActual  26: 2048 op, 956532100.00 ns, 467.0567 us/op
WorkloadActual  27: 2048 op, 956010700.00 ns, 466.8021 us/op
WorkloadActual  28: 2048 op, 931610300.00 ns, 454.8878 us/op
WorkloadActual  29: 2048 op, 944359500.00 ns, 461.1130 us/op
WorkloadActual  30: 2048 op, 925732700.00 ns, 452.0179 us/op
WorkloadActual  31: 2048 op, 922041600.00 ns, 450.2156 us/op
WorkloadActual  32: 2048 op, 929830100.00 ns, 454.0186 us/op

// AfterActualRun
WorkloadResult   1: 2048 op, 909641700.00 ns, 444.1610 us/op
WorkloadResult   2: 2048 op, 922416900.00 ns, 450.3989 us/op
WorkloadResult   3: 2048 op, 909081900.00 ns, 443.8876 us/op
WorkloadResult   4: 2048 op, 921959700.00 ns, 450.1756 us/op
WorkloadResult   5: 2048 op, 909901400.00 ns, 444.2878 us/op
WorkloadResult   6: 2048 op, 916888500.00 ns, 447.6995 us/op
WorkloadResult   7: 2048 op, 912378200.00 ns, 445.4972 us/op
WorkloadResult   8: 2048 op, 899487000.00 ns, 439.2026 us/op
WorkloadResult   9: 2048 op, 893080000.00 ns, 436.0742 us/op
WorkloadResult  10: 2048 op, 905766700.00 ns, 442.2689 us/op
WorkloadResult  11: 2048 op, 904882100.00 ns, 441.8370 us/op
WorkloadResult  12: 2048 op, 858617600.00 ns, 419.2469 us/op
WorkloadResult  13: 2048 op, 841199600.00 ns, 410.7420 us/op
WorkloadResult  14: 2048 op, 912270800.00 ns, 445.4447 us/op
WorkloadResult  15: 2048 op, 923517000.00 ns, 450.9360 us/op
WorkloadResult  16: 2048 op, 939967800.00 ns, 458.9687 us/op
WorkloadResult  17: 2048 op, 953155400.00 ns, 465.4079 us/op
WorkloadResult  18: 2048 op, 955775800.00 ns, 466.6874 us/op
WorkloadResult  19: 2048 op, 937845700.00 ns, 457.9325 us/op
WorkloadResult  20: 2048 op, 945676500.00 ns, 461.7561 us/op
WorkloadResult  21: 2048 op, 929846000.00 ns, 454.0264 us/op
WorkloadResult  22: 2048 op, 958581100.00 ns, 468.0572 us/op
WorkloadResult  23: 2048 op, 941770900.00 ns, 459.8491 us/op
WorkloadResult  24: 2048 op, 965222900.00 ns, 471.3002 us/op
WorkloadResult  25: 2048 op, 965634600.00 ns, 471.5013 us/op
WorkloadResult  26: 2048 op, 956529300.00 ns, 467.0553 us/op
WorkloadResult  27: 2048 op, 956007900.00 ns, 466.8007 us/op
WorkloadResult  28: 2048 op, 931607500.00 ns, 454.8865 us/op
WorkloadResult  29: 2048 op, 944356700.00 ns, 461.1117 us/op
WorkloadResult  30: 2048 op, 925729900.00 ns, 452.0166 us/op
WorkloadResult  31: 2048 op, 922038800.00 ns, 450.2143 us/op
WorkloadResult  32: 2048 op, 929827300.00 ns, 454.0172 us/op
// GC:  2 0 0 40715600 2048
// Threading:  0 0 2048

// AfterAll
// Benchmark Process 47872 has exited with code 0.

Mean = 451.670 μs, StdErr = 2.435 μs (0.54%), N = 32, StdDev = 13.772 μs
Min = 410.742 μs, Q1 = 444.256 μs, Median = 451.476 μs, Q3 = 461.273 μs, Max = 471.501 μs
IQR = 17.017 μs, LowerFence = 418.731 μs, UpperFence = 486.798 μs
ConfidenceInterval = [442.825 μs; 460.516 μs] (CI 99.9%), Margin = 8.846 μs (1.96% of Mean)
Skewness = -0.91, Kurtosis = 4.02, MValue = 2

// ** Remained 13 (40,6 %) benchmark(s) to run. Estimated finish 2026-05-29 20:56 (0h 7m from now) **
Setup power plan (GUID: 8c5e7fda-e8bf-4a96-9a85-a6e23a8c635c FriendlyName: Alto rendimiento)
// **************************
// Benchmark: SaveRepositoryBenchmarks.HasAnySave: .NET 8.0(Runtime=.NET 8.0) [SaveFileCount=1]
// *** Execute ***
// Launch: 1 / 1
// Execute: dotnet aa0c72c8-782f-4e5d-b357-a1c5d5f4f806.dll --anonymousPipes 1172 1568 --benchmarkName "ConsoleEngine.Benchmarks.SaveRepositoryBenchmarks.HasAnySave(SaveFileCount: 1)" --job ".NET 8.0" --benchmarkId 19 in C:\Users\maxli\ConsoleEngine\src\ConsoleEngine.Benchmarks\bin\Release\net8.0\aa0c72c8-782f-4e5d-b357-a1c5d5f4f806\bin\Release\net8.0
// BeforeAnythingElse

// Benchmark Process Environment Information:
// BenchmarkDotNet v0.14.0
// Runtime=.NET 8.0.22 (8.0.2225.52707), X64 RyuJIT AVX2
// GC=Concurrent Workstation
// HardwareIntrinsics=AVX2,AES,BMI1,BMI2,FMA,LZCNT,PCLMUL,POPCNT,AvxVnni,SERIALIZE VectorSize=256
// Job: .NET 8.0

OverheadJitting  1: 1 op, 145000.00 ns, 145.0000 us/op
WorkloadJitting  1: 1 op, 908400.00 ns, 908.4000 us/op

OverheadJitting  2: 16 op, 196100.00 ns, 12.2563 us/op
WorkloadJitting  2: 16 op, 772700.00 ns, 48.2938 us/op

WorkloadPilot    1: 16 op, 565000.00 ns, 35.3125 us/op
WorkloadPilot    2: 32 op, 1056200.00 ns, 33.0063 us/op
WorkloadPilot    3: 64 op, 1986500.00 ns, 31.0391 us/op
WorkloadPilot    4: 128 op, 3869400.00 ns, 30.2297 us/op
WorkloadPilot    5: 256 op, 9014200.00 ns, 35.2117 us/op
WorkloadPilot    6: 512 op, 15209000.00 ns, 29.7051 us/op
WorkloadPilot    7: 1024 op, 30250600.00 ns, 29.5416 us/op
WorkloadPilot    8: 2048 op, 63257000.00 ns, 30.8872 us/op
WorkloadPilot    9: 4096 op, 125565500.00 ns, 30.6556 us/op
WorkloadPilot   10: 8192 op, 249590600.00 ns, 30.4676 us/op
WorkloadPilot   11: 16384 op, 480734700.00 ns, 29.3417 us/op
WorkloadPilot   12: 32768 op, 948596800.00 ns, 28.9489 us/op

OverheadWarmup   1: 32768 op, 46000.00 ns, 1.4038 ns/op
OverheadWarmup   2: 32768 op, 41200.00 ns, 1.2573 ns/op
OverheadWarmup   3: 32768 op, 41800.00 ns, 1.2756 ns/op
OverheadWarmup   4: 32768 op, 44300.00 ns, 1.3519 ns/op
OverheadWarmup   5: 32768 op, 42000.00 ns, 1.2817 ns/op
OverheadWarmup   6: 32768 op, 44300.00 ns, 1.3519 ns/op
OverheadWarmup   7: 32768 op, 45000.00 ns, 1.3733 ns/op
OverheadWarmup   8: 32768 op, 44600.00 ns, 1.3611 ns/op

OverheadActual   1: 32768 op, 38700.00 ns, 1.1810 ns/op
OverheadActual   2: 32768 op, 44500.00 ns, 1.3580 ns/op
OverheadActual   3: 32768 op, 42600.00 ns, 1.3000 ns/op
OverheadActual   4: 32768 op, 44700.00 ns, 1.3641 ns/op
OverheadActual   5: 32768 op, 48300.00 ns, 1.4740 ns/op
OverheadActual   6: 32768 op, 44600.00 ns, 1.3611 ns/op
OverheadActual   7: 32768 op, 48200.00 ns, 1.4709 ns/op
OverheadActual   8: 32768 op, 44600.00 ns, 1.3611 ns/op
OverheadActual   9: 32768 op, 58400.00 ns, 1.7822 ns/op
OverheadActual  10: 32768 op, 44200.00 ns, 1.3489 ns/op
OverheadActual  11: 32768 op, 44400.00 ns, 1.3550 ns/op
OverheadActual  12: 32768 op, 44400.00 ns, 1.3550 ns/op
OverheadActual  13: 32768 op, 44600.00 ns, 1.3611 ns/op
OverheadActual  14: 32768 op, 44400.00 ns, 1.3550 ns/op
OverheadActual  15: 32768 op, 44500.00 ns, 1.3580 ns/op
OverheadActual  16: 32768 op, 44500.00 ns, 1.3580 ns/op

WorkloadWarmup   1: 32768 op, 983047100.00 ns, 30.0002 us/op
WorkloadWarmup   2: 32768 op, 1806518700.00 ns, 55.1306 us/op
WorkloadWarmup   3: 32768 op, 1801805600.00 ns, 54.9867 us/op
WorkloadWarmup   4: 32768 op, 1812673700.00 ns, 55.3184 us/op
WorkloadWarmup   5: 32768 op, 1860490000.00 ns, 56.7776 us/op
WorkloadWarmup   6: 32768 op, 1838442500.00 ns, 56.1048 us/op

// BeforeActualRun
WorkloadActual   1: 32768 op, 1847261800.00 ns, 56.3740 us/op
WorkloadActual   2: 32768 op, 1837942300.00 ns, 56.0895 us/op
WorkloadActual   3: 32768 op, 1834344300.00 ns, 55.9797 us/op
WorkloadActual   4: 32768 op, 1839779000.00 ns, 56.1456 us/op
WorkloadActual   5: 32768 op, 1827253400.00 ns, 55.7633 us/op
WorkloadActual   6: 32768 op, 1830086500.00 ns, 55.8498 us/op
WorkloadActual   7: 32768 op, 1790925400.00 ns, 54.6547 us/op
WorkloadActual   8: 32768 op, 1799958900.00 ns, 54.9304 us/op
WorkloadActual   9: 32768 op, 1803273800.00 ns, 55.0315 us/op
WorkloadActual  10: 32768 op, 1808244000.00 ns, 55.1832 us/op
WorkloadActual  11: 32768 op, 1827115500.00 ns, 55.7591 us/op
WorkloadActual  12: 32768 op, 1801902000.00 ns, 54.9897 us/op
WorkloadActual  13: 32768 op, 1794511800.00 ns, 54.7642 us/op
WorkloadActual  14: 32768 op, 1788348100.00 ns, 54.5761 us/op
WorkloadActual  15: 32768 op, 1826623600.00 ns, 55.7441 us/op

// AfterActualRun
WorkloadResult   1: 32768 op, 1847217300.00 ns, 56.3726 us/op
WorkloadResult   2: 32768 op, 1837897800.00 ns, 56.0882 us/op
WorkloadResult   3: 32768 op, 1834299800.00 ns, 55.9784 us/op
WorkloadResult   4: 32768 op, 1839734500.00 ns, 56.1442 us/op
WorkloadResult   5: 32768 op, 1827208900.00 ns, 55.7620 us/op
WorkloadResult   6: 32768 op, 1830042000.00 ns, 55.8484 us/op
WorkloadResult   7: 32768 op, 1790880900.00 ns, 54.6533 us/op
WorkloadResult   8: 32768 op, 1799914400.00 ns, 54.9290 us/op
WorkloadResult   9: 32768 op, 1803229300.00 ns, 55.0302 us/op
WorkloadResult  10: 32768 op, 1808199500.00 ns, 55.1819 us/op
WorkloadResult  11: 32768 op, 1827071000.00 ns, 55.7578 us/op
WorkloadResult  12: 32768 op, 1801857500.00 ns, 54.9883 us/op
WorkloadResult  13: 32768 op, 1794467300.00 ns, 54.7628 us/op
WorkloadResult  14: 32768 op, 1788303600.00 ns, 54.5747 us/op
WorkloadResult  15: 32768 op, 1826579100.00 ns, 55.7428 us/op
// GC:  1 0 0 22545120 32768
// Threading:  0 0 32768

// AfterAll
// Benchmark Process 48100 has exited with code 0.

Mean = 55.454 μs, StdErr = 0.155 μs (0.28%), N = 15, StdDev = 0.601 μs
Min = 54.575 μs, Q1 = 54.959 μs, Median = 55.743 μs, Q3 = 55.913 μs, Max = 56.373 μs
IQR = 0.955 μs, LowerFence = 53.527 μs, UpperFence = 57.346 μs
ConfidenceInterval = [54.811 μs; 56.097 μs] (CI 99.9%), Margin = 0.643 μs (1.16% of Mean)
Skewness = -0.07, Kurtosis = 1.34, MValue = 2

// ** Remained 12 (37,5 %) benchmark(s) to run. Estimated finish 2026-05-29 20:56 (0h 6m from now) **
Setup power plan (GUID: 8c5e7fda-e8bf-4a96-9a85-a6e23a8c635c FriendlyName: Alto rendimiento)
// **************************
// Benchmark: SaveRepositoryBenchmarks.LoadMostRecent: .NET 8.0(Runtime=.NET 8.0) [SaveFileCount=5]
// *** Execute ***
// Launch: 1 / 1
// Execute: dotnet aa0c72c8-782f-4e5d-b357-a1c5d5f4f806.dll --anonymousPipes 1852 1164 --benchmarkName "ConsoleEngine.Benchmarks.SaveRepositoryBenchmarks.LoadMostRecent(SaveFileCount: 5)" --job ".NET 8.0" --benchmarkId 20 in C:\Users\maxli\ConsoleEngine\src\ConsoleEngine.Benchmarks\bin\Release\net8.0\aa0c72c8-782f-4e5d-b357-a1c5d5f4f806\bin\Release\net8.0
// BeforeAnythingElse

// Benchmark Process Environment Information:
// BenchmarkDotNet v0.14.0
// Runtime=.NET 8.0.22 (8.0.2225.52707), X64 RyuJIT AVX2
// GC=Concurrent Workstation
// HardwareIntrinsics=AVX2,AES,BMI1,BMI2,FMA,LZCNT,PCLMUL,POPCNT,AvxVnni,SERIALIZE VectorSize=256
// Job: .NET 8.0

OverheadJitting  1: 1 op, 151600.00 ns, 151.6000 us/op
WorkloadJitting  1: 1 op, 4128400.00 ns, 4.1284 ms/op

OverheadJitting  2: 16 op, 251200.00 ns, 15.7000 us/op
WorkloadJitting  2: 16 op, 3718000.00 ns, 232.3750 us/op

WorkloadPilot    1: 16 op, 3160300.00 ns, 197.5188 us/op
WorkloadPilot    2: 32 op, 6306700.00 ns, 197.0844 us/op
WorkloadPilot    3: 64 op, 12147200.00 ns, 189.8000 us/op
WorkloadPilot    4: 128 op, 23960600.00 ns, 187.1922 us/op
WorkloadPilot    5: 256 op, 47511200.00 ns, 185.5906 us/op
WorkloadPilot    6: 512 op, 96714700.00 ns, 188.8959 us/op
WorkloadPilot    7: 1024 op, 190446300.00 ns, 185.9827 us/op
WorkloadPilot    8: 2048 op, 364906900.00 ns, 178.1772 us/op
WorkloadPilot    9: 4096 op, 714278700.00 ns, 174.3844 us/op

OverheadWarmup   1: 4096 op, 8600.00 ns, 2.0996 ns/op
OverheadWarmup   2: 4096 op, 7400.00 ns, 1.8066 ns/op
OverheadWarmup   3: 4096 op, 7400.00 ns, 1.8066 ns/op
OverheadWarmup   4: 4096 op, 7300.00 ns, 1.7822 ns/op
OverheadWarmup   5: 4096 op, 7400.00 ns, 1.8066 ns/op
OverheadWarmup   6: 4096 op, 7400.00 ns, 1.8066 ns/op

OverheadActual   1: 4096 op, 7600.00 ns, 1.8555 ns/op
OverheadActual   2: 4096 op, 7700.00 ns, 1.8799 ns/op
OverheadActual   3: 4096 op, 7700.00 ns, 1.8799 ns/op
OverheadActual   4: 4096 op, 7400.00 ns, 1.8066 ns/op
OverheadActual   5: 4096 op, 7600.00 ns, 1.8555 ns/op
OverheadActual   6: 4096 op, 7300.00 ns, 1.7822 ns/op
OverheadActual   7: 4096 op, 7800.00 ns, 1.9043 ns/op
OverheadActual   8: 4096 op, 7500.00 ns, 1.8311 ns/op
OverheadActual   9: 4096 op, 7900.00 ns, 1.9287 ns/op
OverheadActual  10: 4096 op, 7300.00 ns, 1.7822 ns/op
OverheadActual  11: 4096 op, 7600.00 ns, 1.8555 ns/op
OverheadActual  12: 4096 op, 7300.00 ns, 1.7822 ns/op
OverheadActual  13: 4096 op, 7400.00 ns, 1.8066 ns/op
OverheadActual  14: 4096 op, 7300.00 ns, 1.7822 ns/op
OverheadActual  15: 4096 op, 7300.00 ns, 1.7822 ns/op

WorkloadWarmup   1: 4096 op, 738025700.00 ns, 180.1821 us/op
WorkloadWarmup   2: 4096 op, 874130900.00 ns, 213.4109 us/op
WorkloadWarmup   3: 4096 op, 1160430700.00 ns, 283.3083 us/op
WorkloadWarmup   4: 4096 op, 1161873400.00 ns, 283.6605 us/op
WorkloadWarmup   5: 4096 op, 1179103900.00 ns, 287.8672 us/op
WorkloadWarmup   6: 4096 op, 1175558800.00 ns, 287.0017 us/op
WorkloadWarmup   7: 4096 op, 1182571800.00 ns, 288.7138 us/op
WorkloadWarmup   8: 4096 op, 1164828800.00 ns, 284.3820 us/op

// BeforeActualRun
WorkloadActual   1: 4096 op, 1179118300.00 ns, 287.8707 us/op
WorkloadActual   2: 4096 op, 1166359500.00 ns, 284.7557 us/op
WorkloadActual   3: 4096 op, 1200852900.00 ns, 293.1770 us/op
WorkloadActual   4: 4096 op, 1140737000.00 ns, 278.5002 us/op
WorkloadActual   5: 4096 op, 1136119800.00 ns, 277.3730 us/op
WorkloadActual   6: 4096 op, 1150537900.00 ns, 280.8930 us/op
WorkloadActual   7: 4096 op, 1123047900.00 ns, 274.1816 us/op
WorkloadActual   8: 4096 op, 1134770200.00 ns, 277.0435 us/op
WorkloadActual   9: 4096 op, 1146763700.00 ns, 279.9716 us/op
WorkloadActual  10: 4096 op, 1131315100.00 ns, 276.2000 us/op
WorkloadActual  11: 4096 op, 1136847500.00 ns, 277.5507 us/op
WorkloadActual  12: 4096 op, 1157241300.00 ns, 282.5296 us/op
WorkloadActual  13: 4096 op, 1155884600.00 ns, 282.1984 us/op
WorkloadActual  14: 4096 op, 1165370600.00 ns, 284.5143 us/op
WorkloadActual  15: 4096 op, 1189909400.00 ns, 290.5052 us/op
WorkloadActual  16: 4096 op, 1205684500.00 ns, 294.3566 us/op
WorkloadActual  17: 4096 op, 1198428400.00 ns, 292.5851 us/op
WorkloadActual  18: 4096 op, 1195695900.00 ns, 291.9179 us/op
WorkloadActual  19: 4096 op, 1209281100.00 ns, 295.2346 us/op
WorkloadActual  20: 4096 op, 1212451700.00 ns, 296.0087 us/op
WorkloadActual  21: 4096 op, 1213322600.00 ns, 296.2213 us/op
WorkloadActual  22: 4096 op, 1193359000.00 ns, 291.3474 us/op
WorkloadActual  23: 4096 op, 1210592700.00 ns, 295.5549 us/op
WorkloadActual  24: 4096 op, 1213907900.00 ns, 296.3642 us/op
WorkloadActual  25: 4096 op, 1202344900.00 ns, 293.5412 us/op

// AfterActualRun
WorkloadResult   1: 4096 op, 1179110800.00 ns, 287.8688 us/op
WorkloadResult   2: 4096 op, 1166352000.00 ns, 284.7539 us/op
WorkloadResult   3: 4096 op, 1200845400.00 ns, 293.1751 us/op
WorkloadResult   4: 4096 op, 1140729500.00 ns, 278.4984 us/op
WorkloadResult   5: 4096 op, 1136112300.00 ns, 277.3712 us/op
WorkloadResult   6: 4096 op, 1150530400.00 ns, 280.8912 us/op
WorkloadResult   7: 4096 op, 1123040400.00 ns, 274.1798 us/op
WorkloadResult   8: 4096 op, 1134762700.00 ns, 277.0417 us/op
WorkloadResult   9: 4096 op, 1146756200.00 ns, 279.9698 us/op
WorkloadResult  10: 4096 op, 1131307600.00 ns, 276.1981 us/op
WorkloadResult  11: 4096 op, 1136840000.00 ns, 277.5488 us/op
WorkloadResult  12: 4096 op, 1157233800.00 ns, 282.5278 us/op
WorkloadResult  13: 4096 op, 1155877100.00 ns, 282.1966 us/op
WorkloadResult  14: 4096 op, 1165363100.00 ns, 284.5125 us/op
WorkloadResult  15: 4096 op, 1189901900.00 ns, 290.5034 us/op
WorkloadResult  16: 4096 op, 1205677000.00 ns, 294.3547 us/op
WorkloadResult  17: 4096 op, 1198420900.00 ns, 292.5832 us/op
WorkloadResult  18: 4096 op, 1195688400.00 ns, 291.9161 us/op
WorkloadResult  19: 4096 op, 1209273600.00 ns, 295.2328 us/op
WorkloadResult  20: 4096 op, 1212444200.00 ns, 296.0069 us/op
WorkloadResult  21: 4096 op, 1213315100.00 ns, 296.2195 us/op
WorkloadResult  22: 4096 op, 1193351500.00 ns, 291.3456 us/op
WorkloadResult  23: 4096 op, 1210585200.00 ns, 295.5530 us/op
WorkloadResult  24: 4096 op, 1213900400.00 ns, 296.3624 us/op
WorkloadResult  25: 4096 op, 1202337400.00 ns, 293.5394 us/op
// GC:  2 0 0 46925136 4096
// Threading:  0 0 4096

// AfterAll
// Benchmark Process 31644 has exited with code 0.

Mean = 286.814 μs, StdErr = 1.523 μs (0.53%), N = 25, StdDev = 7.615 μs
Min = 274.180 μs, Q1 = 279.970 μs, Median = 287.869 μs, Q3 = 293.539 μs, Max = 296.362 μs
IQR = 13.570 μs, LowerFence = 259.615 μs, UpperFence = 313.894 μs
ConfidenceInterval = [281.110 μs; 292.518 μs] (CI 99.9%), Margin = 5.704 μs (1.99% of Mean)
Skewness = -0.17, Kurtosis = 1.37, MValue = 3.17

// ** Remained 11 (34,4 %) benchmark(s) to run. Estimated finish 2026-05-29 20:56 (0h 6m from now) **
Setup power plan (GUID: 8c5e7fda-e8bf-4a96-9a85-a6e23a8c635c FriendlyName: Alto rendimiento)
// **************************
// Benchmark: SaveRepositoryBenchmarks.Save_Single: .NET 8.0(Runtime=.NET 8.0) [SaveFileCount=5]
// *** Execute ***
// Launch: 1 / 1
// Execute: dotnet aa0c72c8-782f-4e5d-b357-a1c5d5f4f806.dll --anonymousPipes 1672 1760 --benchmarkName "ConsoleEngine.Benchmarks.SaveRepositoryBenchmarks.Save_Single(SaveFileCount: 5)" --job ".NET 8.0" --benchmarkId 21 in C:\Users\maxli\ConsoleEngine\src\ConsoleEngine.Benchmarks\bin\Release\net8.0\aa0c72c8-782f-4e5d-b357-a1c5d5f4f806\bin\Release\net8.0
// BeforeAnythingElse

// Benchmark Process Environment Information:
// BenchmarkDotNet v0.14.0
// Runtime=.NET 8.0.22 (8.0.2225.52707), X64 RyuJIT AVX2
// GC=Concurrent Workstation
// HardwareIntrinsics=AVX2,AES,BMI1,BMI2,FMA,LZCNT,PCLMUL,POPCNT,AvxVnni,SERIALIZE VectorSize=256
// Job: .NET 8.0

OverheadJitting  1: 1 op, 313200.00 ns, 313.2000 us/op
WorkloadJitting  1: 1 op, 575100.00 ns, 575.1000 us/op

OverheadJitting  2: 16 op, 98900.00 ns, 6.1813 us/op
WorkloadJitting  2: 16 op, 2184400.00 ns, 136.5250 us/op

WorkloadPilot    1: 16 op, 2371000.00 ns, 148.1875 us/op
WorkloadPilot    2: 32 op, 4111100.00 ns, 128.4719 us/op
WorkloadPilot    3: 64 op, 8082900.00 ns, 126.2953 us/op
WorkloadPilot    4: 128 op, 15950200.00 ns, 124.6109 us/op
WorkloadPilot    5: 256 op, 32928900.00 ns, 128.6285 us/op
WorkloadPilot    6: 512 op, 62394000.00 ns, 121.8633 us/op
WorkloadPilot    7: 1024 op, 128375500.00 ns, 125.3667 us/op
WorkloadPilot    8: 2048 op, 254946500.00 ns, 124.4856 us/op
WorkloadPilot    9: 4096 op, 495774600.00 ns, 121.0387 us/op
WorkloadPilot   10: 8192 op, 982148200.00 ns, 119.8911 us/op

OverheadWarmup   1: 8192 op, 10900.00 ns, 1.3306 ns/op
OverheadWarmup   2: 8192 op, 10600.00 ns, 1.2939 ns/op
OverheadWarmup   3: 8192 op, 10300.00 ns, 1.2573 ns/op
OverheadWarmup   4: 8192 op, 10600.00 ns, 1.2939 ns/op
OverheadWarmup   5: 8192 op, 10800.00 ns, 1.3184 ns/op
OverheadWarmup   6: 8192 op, 13100.00 ns, 1.5991 ns/op
OverheadWarmup   7: 8192 op, 10700.00 ns, 1.3062 ns/op
OverheadWarmup   8: 8192 op, 10800.00 ns, 1.3184 ns/op
OverheadWarmup   9: 8192 op, 15200.00 ns, 1.8555 ns/op
OverheadWarmup  10: 8192 op, 10800.00 ns, 1.3184 ns/op

OverheadActual   1: 8192 op, 10800.00 ns, 1.3184 ns/op
OverheadActual   2: 8192 op, 10100.00 ns, 1.2329 ns/op
OverheadActual   3: 8192 op, 11000.00 ns, 1.3428 ns/op
OverheadActual   4: 8192 op, 10500.00 ns, 1.2817 ns/op
OverheadActual   5: 8192 op, 11000.00 ns, 1.3428 ns/op
OverheadActual   6: 8192 op, 12700.00 ns, 1.5503 ns/op
OverheadActual   7: 8192 op, 14700.00 ns, 1.7944 ns/op
OverheadActual   8: 8192 op, 10900.00 ns, 1.3306 ns/op
OverheadActual   9: 8192 op, 10800.00 ns, 1.3184 ns/op
OverheadActual  10: 8192 op, 12800.00 ns, 1.5625 ns/op
OverheadActual  11: 8192 op, 10600.00 ns, 1.2939 ns/op
OverheadActual  12: 8192 op, 10400.00 ns, 1.2695 ns/op
OverheadActual  13: 8192 op, 10300.00 ns, 1.2573 ns/op
OverheadActual  14: 8192 op, 10600.00 ns, 1.2939 ns/op
OverheadActual  15: 8192 op, 10900.00 ns, 1.3306 ns/op

WorkloadWarmup   1: 8192 op, 1046141000.00 ns, 127.7028 us/op
WorkloadWarmup   2: 8192 op, 1631866800.00 ns, 199.2025 us/op
WorkloadWarmup   3: 8192 op, 1622189700.00 ns, 198.0212 us/op
WorkloadWarmup   4: 8192 op, 1659168600.00 ns, 202.5352 us/op
WorkloadWarmup   5: 8192 op, 1631634500.00 ns, 199.1741 us/op
WorkloadWarmup   6: 8192 op, 1617688200.00 ns, 197.4717 us/op

// BeforeActualRun
WorkloadActual   1: 8192 op, 1625045400.00 ns, 198.3698 us/op
WorkloadActual   2: 8192 op, 1638318900.00 ns, 199.9901 us/op
WorkloadActual   3: 8192 op, 1630787100.00 ns, 199.0707 us/op
WorkloadActual   4: 8192 op, 1662868000.00 ns, 202.9868 us/op
WorkloadActual   5: 8192 op, 1665717700.00 ns, 203.3347 us/op
WorkloadActual   6: 8192 op, 1648839700.00 ns, 201.2744 us/op
WorkloadActual   7: 8192 op, 1647148700.00 ns, 201.0680 us/op
WorkloadActual   8: 8192 op, 1694711300.00 ns, 206.8739 us/op
WorkloadActual   9: 8192 op, 1709305700.00 ns, 208.6555 us/op
WorkloadActual  10: 8192 op, 1682083700.00 ns, 205.3325 us/op
WorkloadActual  11: 8192 op, 1708908700.00 ns, 208.6070 us/op
WorkloadActual  12: 8192 op, 1659528600.00 ns, 202.5792 us/op
WorkloadActual  13: 8192 op, 1672287700.00 ns, 204.1367 us/op
WorkloadActual  14: 8192 op, 1645811300.00 ns, 200.9047 us/op
WorkloadActual  15: 8192 op, 1656479300.00 ns, 202.2069 us/op

// AfterActualRun
WorkloadResult   1: 8192 op, 1625034600.00 ns, 198.3685 us/op
WorkloadResult   2: 8192 op, 1638308100.00 ns, 199.9888 us/op
WorkloadResult   3: 8192 op, 1630776300.00 ns, 199.0694 us/op
WorkloadResult   4: 8192 op, 1662857200.00 ns, 202.9855 us/op
WorkloadResult   5: 8192 op, 1665706900.00 ns, 203.3334 us/op
WorkloadResult   6: 8192 op, 1648828900.00 ns, 201.2731 us/op
WorkloadResult   7: 8192 op, 1647137900.00 ns, 201.0666 us/op
WorkloadResult   8: 8192 op, 1694700500.00 ns, 206.8726 us/op
WorkloadResult   9: 8192 op, 1709294900.00 ns, 208.6542 us/op
WorkloadResult  10: 8192 op, 1682072900.00 ns, 205.3312 us/op
WorkloadResult  11: 8192 op, 1708897900.00 ns, 208.6057 us/op
WorkloadResult  12: 8192 op, 1659517800.00 ns, 202.5779 us/op
WorkloadResult  13: 8192 op, 1672276900.00 ns, 204.1354 us/op
WorkloadResult  14: 8192 op, 1645800500.00 ns, 200.9034 us/op
WorkloadResult  15: 8192 op, 1656468500.00 ns, 202.2056 us/op
// GC:  1 0 0 20972672 8192
// Threading:  0 0 8192

// AfterAll
// Benchmark Process 50900 has exited with code 0.

Mean = 203.025 μs, StdErr = 0.826 μs (0.41%), N = 15, StdDev = 3.197 μs
Min = 198.368 μs, Q1 = 200.985 μs, Median = 202.578 μs, Q3 = 204.733 μs, Max = 208.654 μs
IQR = 3.748 μs, LowerFence = 195.363 μs, UpperFence = 210.356 μs
ConfidenceInterval = [199.607 μs; 206.443 μs] (CI 99.9%), Margin = 3.418 μs (1.68% of Mean)
Skewness = 0.43, Kurtosis = 1.96, MValue = 2

// ** Remained 10 (31,2 %) benchmark(s) to run. Estimated finish 2026-05-29 20:57 (0h 5m from now) **
Setup power plan (GUID: 8c5e7fda-e8bf-4a96-9a85-a6e23a8c635c FriendlyName: Alto rendimiento)
// **************************
// Benchmark: SaveRepositoryBenchmarks.Save_Then_Load_Roundtrip: .NET 8.0(Runtime=.NET 8.0) [SaveFileCount=5]
// *** Execute ***
// Launch: 1 / 1
// Execute: dotnet aa0c72c8-782f-4e5d-b357-a1c5d5f4f806.dll --anonymousPipes 1672 2072 --benchmarkName "ConsoleEngine.Benchmarks.SaveRepositoryBenchmarks.Save_Then_Load_Roundtrip(SaveFileCount: 5)" --job ".NET 8.0" --benchmarkId 22 in C:\Users\maxli\ConsoleEngine\src\ConsoleEngine.Benchmarks\bin\Release\net8.0\aa0c72c8-782f-4e5d-b357-a1c5d5f4f806\bin\Release\net8.0
// BeforeAnythingElse

// Benchmark Process Environment Information:
// BenchmarkDotNet v0.14.0
// Runtime=.NET 8.0.22 (8.0.2225.52707), X64 RyuJIT AVX2
// GC=Concurrent Workstation
// HardwareIntrinsics=AVX2,AES,BMI1,BMI2,FMA,LZCNT,PCLMUL,POPCNT,AvxVnni,SERIALIZE VectorSize=256
// Job: .NET 8.0

OverheadJitting  1: 1 op, 110200.00 ns, 110.2000 us/op
WorkloadJitting  1: 1 op, 5399400.00 ns, 5.3994 ms/op

OverheadJitting  2: 16 op, 97100.00 ns, 6.0688 us/op
WorkloadJitting  2: 16 op, 7541700.00 ns, 471.3563 us/op

WorkloadPilot    1: 16 op, 7145800.00 ns, 446.6125 us/op
WorkloadPilot    2: 32 op, 14225000.00 ns, 444.5313 us/op
WorkloadPilot    3: 64 op, 27034400.00 ns, 422.4125 us/op
WorkloadPilot    4: 128 op, 55462700.00 ns, 433.3023 us/op
WorkloadPilot    5: 256 op, 113414300.00 ns, 443.0246 us/op
WorkloadPilot    6: 512 op, 225829200.00 ns, 441.0727 us/op
WorkloadPilot    7: 1024 op, 443477200.00 ns, 433.0832 us/op
WorkloadPilot    8: 2048 op, 875268800.00 ns, 427.3773 us/op

OverheadWarmup   1: 2048 op, 4300.00 ns, 2.0996 ns/op
OverheadWarmup   2: 2048 op, 3000.00 ns, 1.4648 ns/op
OverheadWarmup   3: 2048 op, 2900.00 ns, 1.4160 ns/op
OverheadWarmup   4: 2048 op, 2900.00 ns, 1.4160 ns/op
OverheadWarmup   5: 2048 op, 3100.00 ns, 1.5137 ns/op
OverheadWarmup   6: 2048 op, 2800.00 ns, 1.3672 ns/op
OverheadWarmup   7: 2048 op, 3400.00 ns, 1.6602 ns/op

OverheadActual   1: 2048 op, 3100.00 ns, 1.5137 ns/op
OverheadActual   2: 2048 op, 3200.00 ns, 1.5625 ns/op
OverheadActual   3: 2048 op, 3400.00 ns, 1.6602 ns/op
OverheadActual   4: 2048 op, 3000.00 ns, 1.4648 ns/op
OverheadActual   5: 2048 op, 2800.00 ns, 1.3672 ns/op
OverheadActual   6: 2048 op, 3100.00 ns, 1.5137 ns/op
OverheadActual   7: 2048 op, 2700.00 ns, 1.3184 ns/op
OverheadActual   8: 2048 op, 2600.00 ns, 1.2695 ns/op
OverheadActual   9: 2048 op, 3000.00 ns, 1.4648 ns/op
OverheadActual  10: 2048 op, 2700.00 ns, 1.3184 ns/op
OverheadActual  11: 2048 op, 2800.00 ns, 1.3672 ns/op
OverheadActual  12: 2048 op, 2800.00 ns, 1.3672 ns/op
OverheadActual  13: 2048 op, 3400.00 ns, 1.6602 ns/op
OverheadActual  14: 2048 op, 3100.00 ns, 1.5137 ns/op
OverheadActual  15: 2048 op, 3400.00 ns, 1.6602 ns/op
OverheadActual  16: 2048 op, 2800.00 ns, 1.3672 ns/op
OverheadActual  17: 2048 op, 2800.00 ns, 1.3672 ns/op
OverheadActual  18: 2048 op, 2800.00 ns, 1.3672 ns/op
OverheadActual  19: 2048 op, 3500.00 ns, 1.7090 ns/op
OverheadActual  20: 2048 op, 2600.00 ns, 1.2695 ns/op

WorkloadWarmup   1: 2048 op, 789640200.00 ns, 385.5665 us/op
WorkloadWarmup   2: 2048 op, 998529500.00 ns, 487.5632 us/op
WorkloadWarmup   3: 2048 op, 1078691100.00 ns, 526.7046 us/op
WorkloadWarmup   4: 2048 op, 1092832800.00 ns, 533.6098 us/op
WorkloadWarmup   5: 2048 op, 1092853100.00 ns, 533.6197 us/op
WorkloadWarmup   6: 2048 op, 1150257500.00 ns, 561.6492 us/op
WorkloadWarmup   7: 2048 op, 1206259000.00 ns, 588.9937 us/op
WorkloadWarmup   8: 2048 op, 1194989600.00 ns, 583.4910 us/op
WorkloadWarmup   9: 2048 op, 1200966300.00 ns, 586.4093 us/op
WorkloadWarmup  10: 2048 op, 1201235300.00 ns, 586.5407 us/op
WorkloadWarmup  11: 2048 op, 1201378900.00 ns, 586.6108 us/op
WorkloadWarmup  12: 2048 op, 1209395100.00 ns, 590.5250 us/op
WorkloadWarmup  13: 2048 op, 1201784600.00 ns, 586.8089 us/op

// BeforeActualRun
WorkloadActual   1: 2048 op, 1190405400.00 ns, 581.2526 us/op
WorkloadActual   2: 2048 op, 1197928200.00 ns, 584.9259 us/op
WorkloadActual   3: 2048 op, 1195194300.00 ns, 583.5910 us/op
WorkloadActual   4: 2048 op, 1161276700.00 ns, 567.0296 us/op
WorkloadActual   5: 2048 op, 1164133900.00 ns, 568.4248 us/op
WorkloadActual   6: 2048 op, 1133961400.00 ns, 553.6921 us/op
WorkloadActual   7: 2048 op, 1124844900.00 ns, 549.2407 us/op
WorkloadActual   8: 2048 op, 1151562000.00 ns, 562.2861 us/op
WorkloadActual   9: 2048 op, 1130876300.00 ns, 552.1857 us/op
WorkloadActual  10: 2048 op, 1129407900.00 ns, 551.4687 us/op
WorkloadActual  11: 2048 op, 1130029900.00 ns, 551.7724 us/op
WorkloadActual  12: 2048 op, 1123130300.00 ns, 548.4035 us/op
WorkloadActual  13: 2048 op, 1109448200.00 ns, 541.7228 us/op
WorkloadActual  14: 2048 op, 1107590300.00 ns, 540.8156 us/op
WorkloadActual  15: 2048 op, 1131958200.00 ns, 552.7140 us/op
WorkloadActual  16: 2048 op, 1115310100.00 ns, 544.5850 us/op
WorkloadActual  17: 2048 op, 1143366500.00 ns, 558.2844 us/op
WorkloadActual  18: 2048 op, 1169466900.00 ns, 571.0288 us/op
WorkloadActual  19: 2048 op, 1171210500.00 ns, 571.8801 us/op
WorkloadActual  20: 2048 op, 1175552000.00 ns, 574.0000 us/op
WorkloadActual  21: 2048 op, 1093106600.00 ns, 533.7435 us/op
WorkloadActual  22: 2048 op, 1096047600.00 ns, 535.1795 us/op
WorkloadActual  23: 2048 op, 1119834000.00 ns, 546.7939 us/op
WorkloadActual  24: 2048 op, 1104695100.00 ns, 539.4019 us/op
WorkloadActual  25: 2048 op, 1020947700.00 ns, 498.5096 us/op
WorkloadActual  26: 2048 op, 1079354000.00 ns, 527.0283 us/op
WorkloadActual  27: 2048 op, 1180394600.00 ns, 576.3646 us/op
WorkloadActual  28: 2048 op, 1206445300.00 ns, 589.0846 us/op
WorkloadActual  29: 2048 op, 1179209700.00 ns, 575.7860 us/op
WorkloadActual  30: 2048 op, 1169283300.00 ns, 570.9391 us/op
WorkloadActual  31: 2048 op, 1149185000.00 ns, 561.1255 us/op
WorkloadActual  32: 2048 op, 1169656300.00 ns, 571.1212 us/op
WorkloadActual  33: 2048 op, 1123944600.00 ns, 548.8011 us/op
WorkloadActual  34: 2048 op, 1099374600.00 ns, 536.8040 us/op
WorkloadActual  35: 2048 op, 1105167100.00 ns, 539.6324 us/op
WorkloadActual  36: 2048 op, 1097363600.00 ns, 535.8221 us/op
WorkloadActual  37: 2048 op, 1118020800.00 ns, 545.9086 us/op
WorkloadActual  38: 2048 op, 1088448700.00 ns, 531.4691 us/op
WorkloadActual  39: 2048 op, 1112346800.00 ns, 543.1381 us/op

// AfterActualRun
WorkloadResult   1: 2048 op, 1190402500.00 ns, 581.2512 us/op
WorkloadResult   2: 2048 op, 1197925300.00 ns, 584.9245 us/op
WorkloadResult   3: 2048 op, 1195191400.00 ns, 583.5896 us/op
WorkloadResult   4: 2048 op, 1161273800.00 ns, 567.0282 us/op
WorkloadResult   5: 2048 op, 1164131000.00 ns, 568.4233 us/op
WorkloadResult   6: 2048 op, 1133958500.00 ns, 553.6907 us/op
WorkloadResult   7: 2048 op, 1124842000.00 ns, 549.2393 us/op
WorkloadResult   8: 2048 op, 1151559100.00 ns, 562.2847 us/op
WorkloadResult   9: 2048 op, 1130873400.00 ns, 552.1843 us/op
WorkloadResult  10: 2048 op, 1129405000.00 ns, 551.4673 us/op
WorkloadResult  11: 2048 op, 1130027000.00 ns, 551.7710 us/op
WorkloadResult  12: 2048 op, 1123127400.00 ns, 548.4021 us/op
WorkloadResult  13: 2048 op, 1109445300.00 ns, 541.7213 us/op
WorkloadResult  14: 2048 op, 1107587400.00 ns, 540.8142 us/op
WorkloadResult  15: 2048 op, 1131955300.00 ns, 552.7125 us/op
WorkloadResult  16: 2048 op, 1115307200.00 ns, 544.5836 us/op
WorkloadResult  17: 2048 op, 1143363600.00 ns, 558.2830 us/op
WorkloadResult  18: 2048 op, 1169464000.00 ns, 571.0273 us/op
WorkloadResult  19: 2048 op, 1171207600.00 ns, 571.8787 us/op
WorkloadResult  20: 2048 op, 1175549100.00 ns, 573.9986 us/op
WorkloadResult  21: 2048 op, 1093103700.00 ns, 533.7420 us/op
WorkloadResult  22: 2048 op, 1096044700.00 ns, 535.1781 us/op
WorkloadResult  23: 2048 op, 1119831100.00 ns, 546.7925 us/op
WorkloadResult  24: 2048 op, 1104692200.00 ns, 539.4005 us/op
WorkloadResult  25: 2048 op, 1020944800.00 ns, 498.5082 us/op
WorkloadResult  26: 2048 op, 1079351100.00 ns, 527.0269 us/op
WorkloadResult  27: 2048 op, 1180391700.00 ns, 576.3631 us/op
WorkloadResult  28: 2048 op, 1206442400.00 ns, 589.0832 us/op
WorkloadResult  29: 2048 op, 1179206800.00 ns, 575.7846 us/op
WorkloadResult  30: 2048 op, 1169280400.00 ns, 570.9377 us/op
WorkloadResult  31: 2048 op, 1149182100.00 ns, 561.1241 us/op
WorkloadResult  32: 2048 op, 1169653400.00 ns, 571.1198 us/op
WorkloadResult  33: 2048 op, 1123941700.00 ns, 548.7997 us/op
WorkloadResult  34: 2048 op, 1099371700.00 ns, 536.8026 us/op
WorkloadResult  35: 2048 op, 1105164200.00 ns, 539.6310 us/op
WorkloadResult  36: 2048 op, 1097360700.00 ns, 535.8207 us/op
WorkloadResult  37: 2048 op, 1118017900.00 ns, 545.9072 us/op
WorkloadResult  38: 2048 op, 1088445800.00 ns, 531.4677 us/op
WorkloadResult  39: 2048 op, 1112343900.00 ns, 543.1367 us/op
// GC:  2 0 0 42796368 2048
// Threading:  0 0 2048

// AfterAll
// Benchmark Process 40916 has exited with code 0.

Mean = 554.254 μs, StdErr = 3.046 μs (0.55%), N = 39, StdDev = 19.025 μs
Min = 498.508 μs, Q1 = 541.268 μs, Median = 551.771 μs, Q3 = 570.983 μs, Max = 589.083 μs
IQR = 29.715 μs, LowerFence = 496.696 μs, UpperFence = 615.555 μs
ConfidenceInterval = [543.391 μs; 565.116 μs] (CI 99.9%), Margin = 10.862 μs (1.96% of Mean)
Skewness = -0.29, Kurtosis = 3.1, MValue = 2.88

// ** Remained 9 (28,1 %) benchmark(s) to run. Estimated finish 2026-05-29 20:57 (0h 5m from now) **
Setup power plan (GUID: 8c5e7fda-e8bf-4a96-9a85-a6e23a8c635c FriendlyName: Alto rendimiento)
// **************************
// Benchmark: SaveRepositoryBenchmarks.HasAnySave: .NET 8.0(Runtime=.NET 8.0) [SaveFileCount=5]
// *** Execute ***
// Launch: 1 / 1
// Execute: dotnet aa0c72c8-782f-4e5d-b357-a1c5d5f4f806.dll --anonymousPipes 1604 1776 --benchmarkName "ConsoleEngine.Benchmarks.SaveRepositoryBenchmarks.HasAnySave(SaveFileCount: 5)" --job ".NET 8.0" --benchmarkId 23 in C:\Users\maxli\ConsoleEngine\src\ConsoleEngine.Benchmarks\bin\Release\net8.0\aa0c72c8-782f-4e5d-b357-a1c5d5f4f806\bin\Release\net8.0
// BeforeAnythingElse

// Benchmark Process Environment Information:
// BenchmarkDotNet v0.14.0
// Runtime=.NET 8.0.22 (8.0.2225.52707), X64 RyuJIT AVX2
// GC=Concurrent Workstation
// HardwareIntrinsics=AVX2,AES,BMI1,BMI2,FMA,LZCNT,PCLMUL,POPCNT,AvxVnni,SERIALIZE VectorSize=256
// Job: .NET 8.0

OverheadJitting  1: 1 op, 136600.00 ns, 136.6000 us/op
WorkloadJitting  1: 1 op, 976300.00 ns, 976.3000 us/op

OverheadJitting  2: 16 op, 342400.00 ns, 21.4000 us/op
WorkloadJitting  2: 16 op, 874700.00 ns, 54.6688 us/op

WorkloadPilot    1: 16 op, 599400.00 ns, 37.4625 us/op
WorkloadPilot    2: 32 op, 1201400.00 ns, 37.5438 us/op
WorkloadPilot    3: 64 op, 2154700.00 ns, 33.6672 us/op
WorkloadPilot    4: 128 op, 3826700.00 ns, 29.8961 us/op
WorkloadPilot    5: 256 op, 8041100.00 ns, 31.4105 us/op
WorkloadPilot    6: 512 op, 15812000.00 ns, 30.8828 us/op
WorkloadPilot    7: 1024 op, 30961800.00 ns, 30.2361 us/op
WorkloadPilot    8: 2048 op, 64502300.00 ns, 31.4953 us/op
WorkloadPilot    9: 4096 op, 128057200.00 ns, 31.2640 us/op
WorkloadPilot   10: 8192 op, 259845700.00 ns, 31.7194 us/op
WorkloadPilot   11: 16384 op, 508741300.00 ns, 31.0511 us/op

OverheadWarmup   1: 16384 op, 24000.00 ns, 1.4648 ns/op
OverheadWarmup   2: 16384 op, 19600.00 ns, 1.1963 ns/op
OverheadWarmup   3: 16384 op, 22500.00 ns, 1.3733 ns/op
OverheadWarmup   4: 16384 op, 22200.00 ns, 1.3550 ns/op
OverheadWarmup   5: 16384 op, 22600.00 ns, 1.3794 ns/op
OverheadWarmup   6: 16384 op, 22300.00 ns, 1.3611 ns/op

OverheadActual   1: 16384 op, 19500.00 ns, 1.1902 ns/op
OverheadActual   2: 16384 op, 22600.00 ns, 1.3794 ns/op
OverheadActual   3: 16384 op, 24200.00 ns, 1.4771 ns/op
OverheadActual   4: 16384 op, 22200.00 ns, 1.3550 ns/op
OverheadActual   5: 16384 op, 19500.00 ns, 1.1902 ns/op
OverheadActual   6: 16384 op, 22200.00 ns, 1.3550 ns/op
OverheadActual   7: 16384 op, 22400.00 ns, 1.3672 ns/op
OverheadActual   8: 16384 op, 22100.00 ns, 1.3489 ns/op
OverheadActual   9: 16384 op, 22100.00 ns, 1.3489 ns/op
OverheadActual  10: 16384 op, 22200.00 ns, 1.3550 ns/op
OverheadActual  11: 16384 op, 23300.00 ns, 1.4221 ns/op
OverheadActual  12: 16384 op, 24100.00 ns, 1.4709 ns/op
OverheadActual  13: 16384 op, 22200.00 ns, 1.3550 ns/op
OverheadActual  14: 16384 op, 24600.00 ns, 1.5015 ns/op
OverheadActual  15: 16384 op, 22800.00 ns, 1.3916 ns/op
OverheadActual  16: 16384 op, 22200.00 ns, 1.3550 ns/op
OverheadActual  17: 16384 op, 22200.00 ns, 1.3550 ns/op
OverheadActual  18: 16384 op, 22500.00 ns, 1.3733 ns/op
OverheadActual  19: 16384 op, 22500.00 ns, 1.3733 ns/op

WorkloadWarmup   1: 16384 op, 503180900.00 ns, 30.7117 us/op
WorkloadWarmup   2: 16384 op, 477619900.00 ns, 29.1516 us/op
WorkloadWarmup   3: 16384 op, 485897700.00 ns, 29.6568 us/op
WorkloadWarmup   4: 16384 op, 643752200.00 ns, 39.2915 us/op
WorkloadWarmup   5: 16384 op, 920214600.00 ns, 56.1654 us/op
WorkloadWarmup   6: 16384 op, 918424900.00 ns, 56.0562 us/op
WorkloadWarmup   7: 16384 op, 921963900.00 ns, 56.2722 us/op
WorkloadWarmup   8: 16384 op, 925192400.00 ns, 56.4693 us/op
WorkloadWarmup   9: 16384 op, 934224900.00 ns, 57.0206 us/op
WorkloadWarmup  10: 16384 op, 924320800.00 ns, 56.4161 us/op

// BeforeActualRun
WorkloadActual   1: 16384 op, 929231000.00 ns, 56.7158 us/op
WorkloadActual   2: 16384 op, 924905600.00 ns, 56.4518 us/op
WorkloadActual   3: 16384 op, 927119700.00 ns, 56.5869 us/op
WorkloadActual   4: 16384 op, 939549300.00 ns, 57.3455 us/op
WorkloadActual   5: 16384 op, 919568900.00 ns, 56.1260 us/op
WorkloadActual   6: 16384 op, 930206100.00 ns, 56.7753 us/op
WorkloadActual   7: 16384 op, 922549200.00 ns, 56.3079 us/op
WorkloadActual   8: 16384 op, 950234600.00 ns, 57.9977 us/op
WorkloadActual   9: 16384 op, 953919000.00 ns, 58.2226 us/op
WorkloadActual  10: 16384 op, 946459500.00 ns, 57.7673 us/op
WorkloadActual  11: 16384 op, 941863000.00 ns, 57.4868 us/op
WorkloadActual  12: 16384 op, 940895900.00 ns, 57.4277 us/op
WorkloadActual  13: 16384 op, 923529200.00 ns, 56.3677 us/op
WorkloadActual  14: 16384 op, 916286800.00 ns, 55.9257 us/op
WorkloadActual  15: 16384 op, 914558600.00 ns, 55.8202 us/op

// AfterActualRun
WorkloadResult   1: 16384 op, 929208800.00 ns, 56.7144 us/op
WorkloadResult   2: 16384 op, 924883400.00 ns, 56.4504 us/op
WorkloadResult   3: 16384 op, 927097500.00 ns, 56.5855 us/op
WorkloadResult   4: 16384 op, 939527100.00 ns, 57.3442 us/op
WorkloadResult   5: 16384 op, 919546700.00 ns, 56.1247 us/op
WorkloadResult   6: 16384 op, 930183900.00 ns, 56.7739 us/op
WorkloadResult   7: 16384 op, 922527000.00 ns, 56.3066 us/op
WorkloadResult   8: 16384 op, 950212400.00 ns, 57.9964 us/op
WorkloadResult   9: 16384 op, 953896800.00 ns, 58.2212 us/op
WorkloadResult  10: 16384 op, 946437300.00 ns, 57.7659 us/op
WorkloadResult  11: 16384 op, 941840800.00 ns, 57.4854 us/op
WorkloadResult  12: 16384 op, 940873700.00 ns, 57.4264 us/op
WorkloadResult  13: 16384 op, 923507000.00 ns, 56.3664 us/op
WorkloadResult  14: 16384 op, 916264600.00 ns, 55.9244 us/op
WorkloadResult  15: 16384 op, 914536400.00 ns, 55.8189 us/op
// GC:  1 0 0 27919072 16384
// Threading:  0 0 16384

// AfterAll
// Benchmark Process 44148 has exited with code 0.

Mean = 56.887 μs, StdErr = 0.198 μs (0.35%), N = 15, StdDev = 0.766 μs
Min = 55.819 μs, Q1 = 56.336 μs, Median = 56.714 μs, Q3 = 57.456 μs, Max = 58.221 μs
IQR = 1.119 μs, LowerFence = 54.657 μs, UpperFence = 59.135 μs
ConfidenceInterval = [56.068 μs; 57.706 μs] (CI 99.9%), Margin = 0.819 μs (1.44% of Mean)
Skewness = 0.28, Kurtosis = 1.6, MValue = 2

// ** Remained 8 (25,0 %) benchmark(s) to run. Estimated finish 2026-05-29 20:57 (0h 4m from now) **
Setup power plan (GUID: 8c5e7fda-e8bf-4a96-9a85-a6e23a8c635c FriendlyName: Alto rendimiento)
// **************************
// Benchmark: SaveRepositoryBenchmarks.LoadMostRecent: .NET 8.0(Runtime=.NET 8.0) [SaveFileCount=20]
// *** Execute ***
// Launch: 1 / 1
// Execute: dotnet aa0c72c8-782f-4e5d-b357-a1c5d5f4f806.dll --anonymousPipes 2088 1664 --benchmarkName "ConsoleEngine.Benchmarks.SaveRepositoryBenchmarks.LoadMostRecent(SaveFileCount: 20)" --job ".NET 8.0" --benchmarkId 24 in C:\Users\maxli\ConsoleEngine\src\ConsoleEngine.Benchmarks\bin\Release\net8.0\aa0c72c8-782f-4e5d-b357-a1c5d5f4f806\bin\Release\net8.0
// BeforeAnythingElse

// Benchmark Process Environment Information:
// BenchmarkDotNet v0.14.0
// Runtime=.NET 8.0.22 (8.0.2225.52707), X64 RyuJIT AVX2
// GC=Concurrent Workstation
// HardwareIntrinsics=AVX2,AES,BMI1,BMI2,FMA,LZCNT,PCLMUL,POPCNT,AvxVnni,SERIALIZE VectorSize=256
// Job: .NET 8.0

OverheadJitting  1: 1 op, 151100.00 ns, 151.1000 us/op
WorkloadJitting  1: 1 op, 5578800.00 ns, 5.5788 ms/op

OverheadJitting  2: 16 op, 283000.00 ns, 17.6875 us/op
WorkloadJitting  2: 16 op, 7320700.00 ns, 457.5438 us/op

WorkloadPilot    1: 16 op, 7478800.00 ns, 467.4250 us/op
WorkloadPilot    2: 32 op, 13907600.00 ns, 434.6125 us/op
WorkloadPilot    3: 64 op, 26537400.00 ns, 414.6469 us/op
WorkloadPilot    4: 128 op, 54857200.00 ns, 428.5719 us/op
WorkloadPilot    5: 256 op, 110415200.00 ns, 431.3094 us/op
WorkloadPilot    6: 512 op, 211538900.00 ns, 413.1619 us/op
WorkloadPilot    7: 1024 op, 417434400.00 ns, 407.6508 us/op
WorkloadPilot    8: 2048 op, 792937800.00 ns, 387.1767 us/op

OverheadWarmup   1: 2048 op, 5300.00 ns, 2.5879 ns/op
OverheadWarmup   2: 2048 op, 3900.00 ns, 1.9043 ns/op
OverheadWarmup   3: 2048 op, 3700.00 ns, 1.8066 ns/op
OverheadWarmup   4: 2048 op, 3700.00 ns, 1.8066 ns/op
OverheadWarmup   5: 2048 op, 3800.00 ns, 1.8555 ns/op
OverheadWarmup   6: 2048 op, 3700.00 ns, 1.8066 ns/op
OverheadWarmup   7: 2048 op, 3700.00 ns, 1.8066 ns/op

OverheadActual   1: 2048 op, 4200.00 ns, 2.0508 ns/op
OverheadActual   2: 2048 op, 4200.00 ns, 2.0508 ns/op
OverheadActual   3: 2048 op, 4200.00 ns, 2.0508 ns/op
OverheadActual   4: 2048 op, 3900.00 ns, 1.9043 ns/op
OverheadActual   5: 2048 op, 4300.00 ns, 2.0996 ns/op
OverheadActual   6: 2048 op, 3800.00 ns, 1.8555 ns/op
OverheadActual   7: 2048 op, 3800.00 ns, 1.8555 ns/op
OverheadActual   8: 2048 op, 3700.00 ns, 1.8066 ns/op
OverheadActual   9: 2048 op, 3700.00 ns, 1.8066 ns/op
OverheadActual  10: 2048 op, 3800.00 ns, 1.8555 ns/op
OverheadActual  11: 2048 op, 3800.00 ns, 1.8555 ns/op
OverheadActual  12: 2048 op, 3800.00 ns, 1.8555 ns/op
OverheadActual  13: 2048 op, 3800.00 ns, 1.8555 ns/op
OverheadActual  14: 2048 op, 3800.00 ns, 1.8555 ns/op
OverheadActual  15: 2048 op, 3700.00 ns, 1.8066 ns/op
OverheadActual  16: 2048 op, 3700.00 ns, 1.8066 ns/op
OverheadActual  17: 2048 op, 3800.00 ns, 1.8555 ns/op

WorkloadWarmup   1: 2048 op, 768156900.00 ns, 375.0766 us/op
WorkloadWarmup   2: 2048 op, 1160076200.00 ns, 566.4435 us/op
WorkloadWarmup   3: 2048 op, 1247808300.00 ns, 609.2814 us/op
WorkloadWarmup   4: 2048 op, 1271549600.00 ns, 620.8738 us/op
WorkloadWarmup   5: 2048 op, 1256678700.00 ns, 613.6126 us/op
WorkloadWarmup   6: 2048 op, 1268132000.00 ns, 619.2051 us/op
WorkloadWarmup   7: 2048 op, 1254817600.00 ns, 612.7039 us/op

// BeforeActualRun
WorkloadActual   1: 2048 op, 1266791600.00 ns, 618.5506 us/op
WorkloadActual   2: 2048 op, 1279792500.00 ns, 624.8987 us/op
WorkloadActual   3: 2048 op, 1307117100.00 ns, 638.2408 us/op
WorkloadActual   4: 2048 op, 1272824100.00 ns, 621.4961 us/op
WorkloadActual   5: 2048 op, 1253794700.00 ns, 612.2044 us/op
WorkloadActual   6: 2048 op, 1268485900.00 ns, 619.3779 us/op
WorkloadActual   7: 2048 op, 1261268700.00 ns, 615.8539 us/op
WorkloadActual   8: 2048 op, 1200472700.00 ns, 586.1683 us/op
WorkloadActual   9: 2048 op, 1242832200.00 ns, 606.8517 us/op
WorkloadActual  10: 2048 op, 1332003700.00 ns, 650.3924 us/op
WorkloadActual  11: 2048 op, 1314254900.00 ns, 641.7260 us/op
WorkloadActual  12: 2048 op, 1315236600.00 ns, 642.2054 us/op
WorkloadActual  13: 2048 op, 1295795500.00 ns, 632.7126 us/op
WorkloadActual  14: 2048 op, 1274609400.00 ns, 622.3679 us/op
WorkloadActual  15: 2048 op, 1267296500.00 ns, 618.7971 us/op
WorkloadActual  16: 2048 op, 1256025000.00 ns, 613.2935 us/op
WorkloadActual  17: 2048 op, 1285942400.00 ns, 627.9016 us/op
WorkloadActual  18: 2048 op, 1278339000.00 ns, 624.1890 us/op
WorkloadActual  19: 2048 op, 1286137100.00 ns, 627.9966 us/op
WorkloadActual  20: 2048 op, 1289591000.00 ns, 629.6831 us/op

// AfterActualRun
WorkloadResult   1: 2048 op, 1266787800.00 ns, 618.5487 us/op
WorkloadResult   2: 2048 op, 1279788700.00 ns, 624.8968 us/op
WorkloadResult   3: 2048 op, 1307113300.00 ns, 638.2389 us/op
WorkloadResult   4: 2048 op, 1272820300.00 ns, 621.4943 us/op
WorkloadResult   5: 2048 op, 1253790900.00 ns, 612.2026 us/op
WorkloadResult   6: 2048 op, 1268482100.00 ns, 619.3760 us/op
WorkloadResult   7: 2048 op, 1261264900.00 ns, 615.8520 us/op
WorkloadResult   8: 2048 op, 1200468900.00 ns, 586.1665 us/op
WorkloadResult   9: 2048 op, 1242828400.00 ns, 606.8498 us/op
WorkloadResult  10: 2048 op, 1314251100.00 ns, 641.7242 us/op
WorkloadResult  11: 2048 op, 1315232800.00 ns, 642.2035 us/op
WorkloadResult  12: 2048 op, 1295791700.00 ns, 632.7108 us/op
WorkloadResult  13: 2048 op, 1274605600.00 ns, 622.3660 us/op
WorkloadResult  14: 2048 op, 1267292700.00 ns, 618.7953 us/op
WorkloadResult  15: 2048 op, 1256021200.00 ns, 613.2916 us/op
WorkloadResult  16: 2048 op, 1285938600.00 ns, 627.8997 us/op
WorkloadResult  17: 2048 op, 1278335200.00 ns, 624.1871 us/op
WorkloadResult  18: 2048 op, 1286133300.00 ns, 627.9948 us/op
WorkloadResult  19: 2048 op, 1289587200.00 ns, 629.6813 us/op
// GC:  2 0 0 31475024 2048
// Threading:  0 0 2048

// AfterAll
// Benchmark Process 36136 has exited with code 0.

Mean = 622.341 μs, StdErr = 2.996 μs (0.48%), N = 19, StdDev = 13.058 μs
Min = 586.166 μs, Q1 = 617.200 μs, Median = 622.366 μs, Q3 = 628.838 μs, Max = 642.204 μs
IQR = 11.638 μs, LowerFence = 599.744 μs, UpperFence = 646.294 μs
ConfidenceInterval = [610.593 μs; 634.089 μs] (CI 99.9%), Margin = 11.748 μs (1.89% of Mean)
Skewness = -0.76, Kurtosis = 3.92, MValue = 2

// ** Remained 7 (21,9 %) benchmark(s) to run. Estimated finish 2026-05-29 20:57 (0h 4m from now) **
Setup power plan (GUID: 8c5e7fda-e8bf-4a96-9a85-a6e23a8c635c FriendlyName: Alto rendimiento)
// **************************
// Benchmark: SaveRepositoryBenchmarks.Save_Single: .NET 8.0(Runtime=.NET 8.0) [SaveFileCount=20]
// *** Execute ***
// Launch: 1 / 1
// Execute: dotnet aa0c72c8-782f-4e5d-b357-a1c5d5f4f806.dll --anonymousPipes 1808 1696 --benchmarkName "ConsoleEngine.Benchmarks.SaveRepositoryBenchmarks.Save_Single(SaveFileCount: 20)" --job ".NET 8.0" --benchmarkId 25 in C:\Users\maxli\ConsoleEngine\src\ConsoleEngine.Benchmarks\bin\Release\net8.0\aa0c72c8-782f-4e5d-b357-a1c5d5f4f806\bin\Release\net8.0
// BeforeAnythingElse

// Benchmark Process Environment Information:
// BenchmarkDotNet v0.14.0
// Runtime=.NET 8.0.22 (8.0.2225.52707), X64 RyuJIT AVX2
// GC=Concurrent Workstation
// HardwareIntrinsics=AVX2,AES,BMI1,BMI2,FMA,LZCNT,PCLMUL,POPCNT,AvxVnni,SERIALIZE VectorSize=256
// Job: .NET 8.0

OverheadJitting  1: 1 op, 276600.00 ns, 276.6000 us/op
WorkloadJitting  1: 1 op, 542900.00 ns, 542.9000 us/op

OverheadJitting  2: 16 op, 102400.00 ns, 6.4000 us/op
WorkloadJitting  2: 16 op, 2811100.00 ns, 175.6938 us/op

WorkloadPilot    1: 16 op, 2164800.00 ns, 135.3000 us/op
WorkloadPilot    2: 32 op, 3893200.00 ns, 121.6625 us/op
WorkloadPilot    3: 64 op, 7675200.00 ns, 119.9250 us/op
WorkloadPilot    4: 128 op, 14460800.00 ns, 112.9750 us/op
WorkloadPilot    5: 256 op, 30772500.00 ns, 120.2051 us/op
WorkloadPilot    6: 512 op, 63654700.00 ns, 124.3256 us/op
WorkloadPilot    7: 1024 op, 126388900.00 ns, 123.4267 us/op
WorkloadPilot    8: 2048 op, 247479300.00 ns, 120.8395 us/op
WorkloadPilot    9: 4096 op, 495670400.00 ns, 121.0133 us/op
WorkloadPilot   10: 8192 op, 1004892200.00 ns, 122.6675 us/op

OverheadWarmup   1: 8192 op, 11400.00 ns, 1.3916 ns/op
OverheadWarmup   2: 8192 op, 10300.00 ns, 1.2573 ns/op
OverheadWarmup   3: 8192 op, 11000.00 ns, 1.3428 ns/op
OverheadWarmup   4: 8192 op, 10600.00 ns, 1.2939 ns/op
OverheadWarmup   5: 8192 op, 13100.00 ns, 1.5991 ns/op
OverheadWarmup   6: 8192 op, 13300.00 ns, 1.6235 ns/op
OverheadWarmup   7: 8192 op, 10800.00 ns, 1.3184 ns/op

OverheadActual   1: 8192 op, 10600.00 ns, 1.2939 ns/op
OverheadActual   2: 8192 op, 10400.00 ns, 1.2695 ns/op
OverheadActual   3: 8192 op, 11200.00 ns, 1.3672 ns/op
OverheadActual   4: 8192 op, 13100.00 ns, 1.5991 ns/op
OverheadActual   5: 8192 op, 12100.00 ns, 1.4771 ns/op
OverheadActual   6: 8192 op, 12600.00 ns, 1.5381 ns/op
OverheadActual   7: 8192 op, 10900.00 ns, 1.3306 ns/op
OverheadActual   8: 8192 op, 12200.00 ns, 1.4893 ns/op
OverheadActual   9: 8192 op, 10500.00 ns, 1.2817 ns/op
OverheadActual  10: 8192 op, 10900.00 ns, 1.3306 ns/op
OverheadActual  11: 8192 op, 11000.00 ns, 1.3428 ns/op
OverheadActual  12: 8192 op, 10700.00 ns, 1.3062 ns/op
OverheadActual  13: 8192 op, 11200.00 ns, 1.3672 ns/op
OverheadActual  14: 8192 op, 12500.00 ns, 1.5259 ns/op
OverheadActual  15: 8192 op, 11900.00 ns, 1.4526 ns/op
OverheadActual  16: 8192 op, 10600.00 ns, 1.2939 ns/op
OverheadActual  17: 8192 op, 11300.00 ns, 1.3794 ns/op
OverheadActual  18: 8192 op, 11300.00 ns, 1.3794 ns/op
OverheadActual  19: 8192 op, 10600.00 ns, 1.2939 ns/op
OverheadActual  20: 8192 op, 10500.00 ns, 1.2817 ns/op

WorkloadWarmup   1: 8192 op, 1232238900.00 ns, 150.4198 us/op
WorkloadWarmup   2: 8192 op, 1644438400.00 ns, 200.7371 us/op
WorkloadWarmup   3: 8192 op, 1640486200.00 ns, 200.2547 us/op
WorkloadWarmup   4: 8192 op, 1649779400.00 ns, 201.3891 us/op
WorkloadWarmup   5: 8192 op, 1610422100.00 ns, 196.5847 us/op
WorkloadWarmup   6: 8192 op, 1644734200.00 ns, 200.7732 us/op

// BeforeActualRun
WorkloadActual   1: 8192 op, 1623650300.00 ns, 198.1995 us/op
WorkloadActual   2: 8192 op, 1685029600.00 ns, 205.6921 us/op
WorkloadActual   3: 8192 op, 1711587600.00 ns, 208.9340 us/op
WorkloadActual   4: 8192 op, 1717050000.00 ns, 209.6008 us/op
WorkloadActual   5: 8192 op, 1700573000.00 ns, 207.5895 us/op
WorkloadActual   6: 8192 op, 1647897100.00 ns, 201.1593 us/op
WorkloadActual   7: 8192 op, 1645733100.00 ns, 200.8952 us/op
WorkloadActual   8: 8192 op, 1635498000.00 ns, 199.6458 us/op
WorkloadActual   9: 8192 op, 1646328700.00 ns, 200.9679 us/op
WorkloadActual  10: 8192 op, 1635125700.00 ns, 199.6003 us/op
WorkloadActual  11: 8192 op, 1646031700.00 ns, 200.9316 us/op
WorkloadActual  12: 8192 op, 1626045900.00 ns, 198.4919 us/op
WorkloadActual  13: 8192 op, 1630885200.00 ns, 199.0827 us/op
WorkloadActual  14: 8192 op, 1622296000.00 ns, 198.0342 us/op
WorkloadActual  15: 8192 op, 1656275600.00 ns, 202.1821 us/op
WorkloadActual  16: 8192 op, 1619216300.00 ns, 197.6582 us/op

// AfterActualRun
WorkloadResult   1: 8192 op, 1623639200.00 ns, 198.1981 us/op
WorkloadResult   2: 8192 op, 1685018500.00 ns, 205.6907 us/op
WorkloadResult   3: 8192 op, 1711576500.00 ns, 208.9327 us/op
WorkloadResult   4: 8192 op, 1700561900.00 ns, 207.5881 us/op
WorkloadResult   5: 8192 op, 1647886000.00 ns, 201.1580 us/op
WorkloadResult   6: 8192 op, 1645722000.00 ns, 200.8938 us/op
WorkloadResult   7: 8192 op, 1635486900.00 ns, 199.6444 us/op
WorkloadResult   8: 8192 op, 1646317600.00 ns, 200.9665 us/op
WorkloadResult   9: 8192 op, 1635114600.00 ns, 199.5990 us/op
WorkloadResult  10: 8192 op, 1646020600.00 ns, 200.9302 us/op
WorkloadResult  11: 8192 op, 1626034800.00 ns, 198.4906 us/op
WorkloadResult  12: 8192 op, 1630874100.00 ns, 199.0813 us/op
WorkloadResult  13: 8192 op, 1622284900.00 ns, 198.0328 us/op
WorkloadResult  14: 8192 op, 1656264500.00 ns, 202.1807 us/op
WorkloadResult  15: 8192 op, 1619205200.00 ns, 197.6569 us/op
// GC:  1 0 0 20972672 8192
// Threading:  0 0 8192

// AfterAll
// Benchmark Process 44436 has exited with code 0.

Mean = 201.270 μs, StdErr = 0.901 μs (0.45%), N = 15, StdDev = 3.488 μs
Min = 197.657 μs, Q1 = 198.786 μs, Median = 200.894 μs, Q3 = 201.669 μs, Max = 208.933 μs
IQR = 2.883 μs, LowerFence = 194.461 μs, UpperFence = 205.994 μs
ConfidenceInterval = [197.541 μs; 204.998 μs] (CI 99.9%), Margin = 3.728 μs (1.85% of Mean)
Skewness = 1, Kurtosis = 2.65, MValue = 2

// ** Remained 6 (18,8 %) benchmark(s) to run. Estimated finish 2026-05-29 20:57 (0h 3m from now) **
Setup power plan (GUID: 8c5e7fda-e8bf-4a96-9a85-a6e23a8c635c FriendlyName: Alto rendimiento)
// **************************
// Benchmark: SaveRepositoryBenchmarks.Save_Then_Load_Roundtrip: .NET 8.0(Runtime=.NET 8.0) [SaveFileCount=20]
// *** Execute ***
// Launch: 1 / 1
// Execute: dotnet aa0c72c8-782f-4e5d-b357-a1c5d5f4f806.dll --anonymousPipes 2456 2452 --benchmarkName "ConsoleEngine.Benchmarks.SaveRepositoryBenchmarks.Save_Then_Load_Roundtrip(SaveFileCount: 20)" --job ".NET 8.0" --benchmarkId 26 in C:\Users\maxli\ConsoleEngine\src\ConsoleEngine.Benchmarks\bin\Release\net8.0\aa0c72c8-782f-4e5d-b357-a1c5d5f4f806\bin\Release\net8.0
// BeforeAnythingElse

// Benchmark Process Environment Information:
// BenchmarkDotNet v0.14.0
// Runtime=.NET 8.0.22 (8.0.2225.52707), X64 RyuJIT AVX2
// GC=Concurrent Workstation
// HardwareIntrinsics=AVX2,AES,BMI1,BMI2,FMA,LZCNT,PCLMUL,POPCNT,AvxVnni,SERIALIZE VectorSize=256
// Job: .NET 8.0

OverheadJitting  1: 1 op, 111800.00 ns, 111.8000 us/op
WorkloadJitting  1: 1 op, 4921000.00 ns, 4.9210 ms/op

OverheadJitting  2: 16 op, 136400.00 ns, 8.5250 us/op
WorkloadJitting  2: 16 op, 10754500.00 ns, 672.1563 us/op

WorkloadPilot    1: 16 op, 10727900.00 ns, 670.4938 us/op
WorkloadPilot    2: 32 op, 20905300.00 ns, 653.2906 us/op
WorkloadPilot    3: 64 op, 41912600.00 ns, 654.8844 us/op
WorkloadPilot    4: 128 op, 82098900.00 ns, 641.3977 us/op
WorkloadPilot    5: 256 op, 163599000.00 ns, 639.0586 us/op
WorkloadPilot    6: 512 op, 321147100.00 ns, 627.2404 us/op
WorkloadPilot    7: 1024 op, 626494700.00 ns, 611.8112 us/op

OverheadWarmup   1: 1024 op, 2900.00 ns, 2.8320 ns/op
OverheadWarmup   2: 1024 op, 1700.00 ns, 1.6602 ns/op
OverheadWarmup   3: 1024 op, 1700.00 ns, 1.6602 ns/op
OverheadWarmup   4: 1024 op, 1500.00 ns, 1.4648 ns/op
OverheadWarmup   5: 1024 op, 1500.00 ns, 1.4648 ns/op
OverheadWarmup   6: 1024 op, 1500.00 ns, 1.4648 ns/op

OverheadActual   1: 1024 op, 1900.00 ns, 1.8555 ns/op
OverheadActual   2: 1024 op, 2000.00 ns, 1.9531 ns/op
OverheadActual   3: 1024 op, 1500.00 ns, 1.4648 ns/op
OverheadActual   4: 1024 op, 1900.00 ns, 1.8555 ns/op
OverheadActual   5: 1024 op, 1700.00 ns, 1.6602 ns/op
OverheadActual   6: 1024 op, 1500.00 ns, 1.4648 ns/op
OverheadActual   7: 1024 op, 1200.00 ns, 1.1719 ns/op
OverheadActual   8: 1024 op, 1400.00 ns, 1.3672 ns/op
OverheadActual   9: 1024 op, 1400.00 ns, 1.3672 ns/op
OverheadActual  10: 1024 op, 1400.00 ns, 1.3672 ns/op
OverheadActual  11: 1024 op, 1500.00 ns, 1.4648 ns/op
OverheadActual  12: 1024 op, 1200.00 ns, 1.1719 ns/op
OverheadActual  13: 1024 op, 1400.00 ns, 1.3672 ns/op
OverheadActual  14: 1024 op, 1400.00 ns, 1.3672 ns/op
OverheadActual  15: 1024 op, 1300.00 ns, 1.2695 ns/op
OverheadActual  16: 1024 op, 1300.00 ns, 1.2695 ns/op
OverheadActual  17: 1024 op, 1200.00 ns, 1.1719 ns/op
OverheadActual  18: 1024 op, 1900.00 ns, 1.8555 ns/op
OverheadActual  19: 1024 op, 1800.00 ns, 1.7578 ns/op
OverheadActual  20: 1024 op, 1400.00 ns, 1.3672 ns/op

WorkloadWarmup   1: 1024 op, 610184300.00 ns, 595.8831 us/op
WorkloadWarmup   2: 1024 op, 589967500.00 ns, 576.1401 us/op
WorkloadWarmup   3: 1024 op, 845036500.00 ns, 825.2310 us/op
WorkloadWarmup   4: 1024 op, 901106000.00 ns, 879.9863 us/op
WorkloadWarmup   5: 1024 op, 900489500.00 ns, 879.3843 us/op
WorkloadWarmup   6: 1024 op, 931423600.00 ns, 909.5934 us/op
WorkloadWarmup   7: 1024 op, 948857800.00 ns, 926.6189 us/op
WorkloadWarmup   8: 1024 op, 951709200.00 ns, 929.4035 us/op
WorkloadWarmup   9: 1024 op, 948230900.00 ns, 926.0067 us/op

// BeforeActualRun
WorkloadActual   1: 1024 op, 925514200.00 ns, 903.8225 us/op
WorkloadActual   2: 1024 op, 901340600.00 ns, 880.2154 us/op
WorkloadActual   3: 1024 op, 911264800.00 ns, 889.9070 us/op
WorkloadActual   4: 1024 op, 897721500.00 ns, 876.6812 us/op
WorkloadActual   5: 1024 op, 905421200.00 ns, 884.2004 us/op
WorkloadActual   6: 1024 op, 891792200.00 ns, 870.8908 us/op
WorkloadActual   7: 1024 op, 899733600.00 ns, 878.6461 us/op
WorkloadActual   8: 1024 op, 899863500.00 ns, 878.7729 us/op
WorkloadActual   9: 1024 op, 896031700.00 ns, 875.0310 us/op
WorkloadActual  10: 1024 op, 901340500.00 ns, 880.2153 us/op
WorkloadActual  11: 1024 op, 914682400.00 ns, 893.2445 us/op
WorkloadActual  12: 1024 op, 894671700.00 ns, 873.7028 us/op
WorkloadActual  13: 1024 op, 903099200.00 ns, 881.9328 us/op
WorkloadActual  14: 1024 op, 912977900.00 ns, 891.5800 us/op
WorkloadActual  15: 1024 op, 901136900.00 ns, 880.0165 us/op

// AfterActualRun
WorkloadResult   1: 1024 op, 901339200.00 ns, 880.2141 us/op
WorkloadResult   2: 1024 op, 911263400.00 ns, 889.9057 us/op
WorkloadResult   3: 1024 op, 897720100.00 ns, 876.6798 us/op
WorkloadResult   4: 1024 op, 905419800.00 ns, 884.1990 us/op
WorkloadResult   5: 1024 op, 891790800.00 ns, 870.8895 us/op
WorkloadResult   6: 1024 op, 899732200.00 ns, 878.6447 us/op
WorkloadResult   7: 1024 op, 899862100.00 ns, 878.7716 us/op
WorkloadResult   8: 1024 op, 896030300.00 ns, 875.0296 us/op
WorkloadResult   9: 1024 op, 901339100.00 ns, 880.2140 us/op
WorkloadResult  10: 1024 op, 914681000.00 ns, 893.2432 us/op
WorkloadResult  11: 1024 op, 894670300.00 ns, 873.7015 us/op
WorkloadResult  12: 1024 op, 903097800.00 ns, 881.9314 us/op
WorkloadResult  13: 1024 op, 912976500.00 ns, 891.5786 us/op
WorkloadResult  14: 1024 op, 901135500.00 ns, 880.0151 us/op
// GC:  1 0 0 25404544 1024
// Threading:  0 0 1024

// AfterAll
// Benchmark Process 24872 has exited with code 0.

Mean = 881.073 μs, StdErr = 1.777 μs (0.20%), N = 14, StdDev = 6.649 μs
Min = 870.889 μs, Q1 = 877.171 μs, Median = 880.115 μs, Q3 = 883.632 μs, Max = 893.243 μs
IQR = 6.461 μs, LowerFence = 867.479 μs, UpperFence = 893.324 μs
ConfidenceInterval = [873.573 μs; 888.573 μs] (CI 99.9%), Margin = 7.500 μs (0.85% of Mean)
Skewness = 0.46, Kurtosis = 2.04, MValue = 2

// ** Remained 5 (15,6 %) benchmark(s) to run. Estimated finish 2026-05-29 20:57 (0h 2m from now) **
Setup power plan (GUID: 8c5e7fda-e8bf-4a96-9a85-a6e23a8c635c FriendlyName: Alto rendimiento)
// **************************
// Benchmark: SaveRepositoryBenchmarks.HasAnySave: .NET 8.0(Runtime=.NET 8.0) [SaveFileCount=20]
// *** Execute ***
// Launch: 1 / 1
// Execute: dotnet aa0c72c8-782f-4e5d-b357-a1c5d5f4f806.dll --anonymousPipes 1276 2488 --benchmarkName "ConsoleEngine.Benchmarks.SaveRepositoryBenchmarks.HasAnySave(SaveFileCount: 20)" --job ".NET 8.0" --benchmarkId 27 in C:\Users\maxli\ConsoleEngine\src\ConsoleEngine.Benchmarks\bin\Release\net8.0\aa0c72c8-782f-4e5d-b357-a1c5d5f4f806\bin\Release\net8.0
// BeforeAnythingElse

// Benchmark Process Environment Information:
// BenchmarkDotNet v0.14.0
// Runtime=.NET 8.0.22 (8.0.2225.52707), X64 RyuJIT AVX2
// GC=Concurrent Workstation
// HardwareIntrinsics=AVX2,AES,BMI1,BMI2,FMA,LZCNT,PCLMUL,POPCNT,AvxVnni,SERIALIZE VectorSize=256
// Job: .NET 8.0

OverheadJitting  1: 1 op, 177600.00 ns, 177.6000 us/op
WorkloadJitting  1: 1 op, 825800.00 ns, 825.8000 us/op

OverheadJitting  2: 16 op, 187100.00 ns, 11.6938 us/op
WorkloadJitting  2: 16 op, 808900.00 ns, 50.5563 us/op

WorkloadPilot    1: 16 op, 656300.00 ns, 41.0188 us/op
WorkloadPilot    2: 32 op, 1159900.00 ns, 36.2469 us/op
WorkloadPilot    3: 64 op, 2726700.00 ns, 42.6047 us/op
WorkloadPilot    4: 128 op, 4221500.00 ns, 32.9805 us/op
WorkloadPilot    5: 256 op, 9102300.00 ns, 35.5559 us/op
WorkloadPilot    6: 512 op, 17459000.00 ns, 34.0996 us/op
WorkloadPilot    7: 1024 op, 36005300.00 ns, 35.1614 us/op
WorkloadPilot    8: 2048 op, 69253800.00 ns, 33.8153 us/op
WorkloadPilot    9: 4096 op, 139784700.00 ns, 34.1271 us/op
WorkloadPilot   10: 8192 op, 293551700.00 ns, 35.8339 us/op
WorkloadPilot   11: 16384 op, 535008500.00 ns, 32.6543 us/op

OverheadWarmup   1: 16384 op, 23900.00 ns, 1.4587 ns/op
OverheadWarmup   2: 16384 op, 19700.00 ns, 1.2024 ns/op
OverheadWarmup   3: 16384 op, 22500.00 ns, 1.3733 ns/op
OverheadWarmup   4: 16384 op, 22300.00 ns, 1.3611 ns/op
OverheadWarmup   5: 16384 op, 22700.00 ns, 1.3855 ns/op
OverheadWarmup   6: 16384 op, 22300.00 ns, 1.3611 ns/op

OverheadActual   1: 16384 op, 22500.00 ns, 1.3733 ns/op
OverheadActual   2: 16384 op, 24200.00 ns, 1.4771 ns/op
OverheadActual   3: 16384 op, 29500.00 ns, 1.8005 ns/op
OverheadActual   4: 16384 op, 22200.00 ns, 1.3550 ns/op
OverheadActual   5: 16384 op, 22500.00 ns, 1.3733 ns/op
OverheadActual   6: 16384 op, 22500.00 ns, 1.3733 ns/op
OverheadActual   7: 16384 op, 22500.00 ns, 1.3733 ns/op
OverheadActual   8: 16384 op, 22200.00 ns, 1.3550 ns/op
OverheadActual   9: 16384 op, 22700.00 ns, 1.3855 ns/op
OverheadActual  10: 16384 op, 20700.00 ns, 1.2634 ns/op
OverheadActual  11: 16384 op, 22200.00 ns, 1.3550 ns/op
OverheadActual  12: 16384 op, 22300.00 ns, 1.3611 ns/op
OverheadActual  13: 16384 op, 22500.00 ns, 1.3733 ns/op
OverheadActual  14: 16384 op, 22300.00 ns, 1.3611 ns/op
OverheadActual  15: 16384 op, 23100.00 ns, 1.4099 ns/op

WorkloadWarmup   1: 16384 op, 551177500.00 ns, 33.6412 us/op
WorkloadWarmup   2: 16384 op, 540437300.00 ns, 32.9857 us/op
WorkloadWarmup   3: 16384 op, 666345900.00 ns, 40.6705 us/op
WorkloadWarmup   4: 16384 op, 957209200.00 ns, 58.4234 us/op
WorkloadWarmup   5: 16384 op, 952719100.00 ns, 58.1494 us/op
WorkloadWarmup   6: 16384 op, 954686600.00 ns, 58.2694 us/op
WorkloadWarmup   7: 16384 op, 945420000.00 ns, 57.7039 us/op

// BeforeActualRun
WorkloadActual   1: 16384 op, 956848600.00 ns, 58.4014 us/op
WorkloadActual   2: 16384 op, 949770200.00 ns, 57.9694 us/op
WorkloadActual   3: 16384 op, 952512800.00 ns, 58.1368 us/op
WorkloadActual   4: 16384 op, 956356700.00 ns, 58.3714 us/op
WorkloadActual   5: 16384 op, 965092700.00 ns, 58.9046 us/op
WorkloadActual   6: 16384 op, 983656400.00 ns, 60.0376 us/op
WorkloadActual   7: 16384 op, 970595600.00 ns, 59.2405 us/op
WorkloadActual   8: 16384 op, 969775800.00 ns, 59.1904 us/op
WorkloadActual   9: 16384 op, 959124600.00 ns, 58.5403 us/op
WorkloadActual  10: 16384 op, 957500000.00 ns, 58.4412 us/op
WorkloadActual  11: 16384 op, 951340300.00 ns, 58.0652 us/op
WorkloadActual  12: 16384 op, 951467700.00 ns, 58.0730 us/op
WorkloadActual  13: 16384 op, 946775800.00 ns, 57.7866 us/op
WorkloadActual  14: 16384 op, 955600200.00 ns, 58.3252 us/op
WorkloadActual  15: 16384 op, 951404700.00 ns, 58.0691 us/op

// AfterActualRun
WorkloadResult   1: 16384 op, 956826100.00 ns, 58.4000 us/op
WorkloadResult   2: 16384 op, 949747700.00 ns, 57.9680 us/op
WorkloadResult   3: 16384 op, 952490300.00 ns, 58.1354 us/op
WorkloadResult   4: 16384 op, 956334200.00 ns, 58.3700 us/op
WorkloadResult   5: 16384 op, 965070200.00 ns, 58.9032 us/op
WorkloadResult   6: 16384 op, 970573100.00 ns, 59.2391 us/op
WorkloadResult   7: 16384 op, 969753300.00 ns, 59.1890 us/op
WorkloadResult   8: 16384 op, 959102100.00 ns, 58.5389 us/op
WorkloadResult   9: 16384 op, 957477500.00 ns, 58.4398 us/op
WorkloadResult  10: 16384 op, 951317800.00 ns, 58.0638 us/op
WorkloadResult  11: 16384 op, 951445200.00 ns, 58.0716 us/op
WorkloadResult  12: 16384 op, 946753300.00 ns, 57.7852 us/op
WorkloadResult  13: 16384 op, 955577700.00 ns, 58.3238 us/op
WorkloadResult  14: 16384 op, 951382200.00 ns, 58.0678 us/op
// GC:  5 0 0 92013280 16384
// Threading:  0 0 16384

// AfterAll
// Benchmark Process 48704 has exited with code 0.

Mean = 58.393 μs, StdErr = 0.119 μs (0.20%), N = 14, StdDev = 0.445 μs
Min = 57.785 μs, Q1 = 58.069 μs, Median = 58.347 μs, Q3 = 58.514 μs, Max = 59.239 μs
IQR = 0.445 μs, LowerFence = 57.401 μs, UpperFence = 59.182 μs
ConfidenceInterval = [57.891 μs; 58.894 μs] (CI 99.9%), Margin = 0.502 μs (0.86% of Mean)
Skewness = 0.67, Kurtosis = 2.17, MValue = 2

// ** Remained 4 (12,5 %) benchmark(s) to run. Estimated finish 2026-05-29 20:57 (0h 2m from now) **
Setup power plan (GUID: 8c5e7fda-e8bf-4a96-9a85-a6e23a8c635c FriendlyName: Alto rendimiento)
// **************************
// Benchmark: SaveRepositoryBenchmarks.LoadMostRecent: .NET 8.0(Runtime=.NET 8.0) [SaveFileCount=50]
// *** Execute ***
// Launch: 1 / 1
// Execute: dotnet aa0c72c8-782f-4e5d-b357-a1c5d5f4f806.dll --anonymousPipes 2516 2512 --benchmarkName "ConsoleEngine.Benchmarks.SaveRepositoryBenchmarks.LoadMostRecent(SaveFileCount: 50)" --job ".NET 8.0" --benchmarkId 28 in C:\Users\maxli\ConsoleEngine\src\ConsoleEngine.Benchmarks\bin\Release\net8.0\aa0c72c8-782f-4e5d-b357-a1c5d5f4f806\bin\Release\net8.0
// BeforeAnythingElse

// Benchmark Process Environment Information:
// BenchmarkDotNet v0.14.0
// Runtime=.NET 8.0.22 (8.0.2225.52707), X64 RyuJIT AVX2
// GC=Concurrent Workstation
// HardwareIntrinsics=AVX2,AES,BMI1,BMI2,FMA,LZCNT,PCLMUL,POPCNT,AvxVnni,SERIALIZE VectorSize=256
// Job: .NET 8.0

OverheadJitting  1: 1 op, 165900.00 ns, 165.9000 us/op
WorkloadJitting  1: 1 op, 5148600.00 ns, 5.1486 ms/op

OverheadJitting  2: 16 op, 259200.00 ns, 16.2000 us/op
WorkloadJitting  2: 16 op, 13325500.00 ns, 832.8438 us/op

WorkloadPilot    1: 16 op, 13001800.00 ns, 812.6125 us/op
WorkloadPilot    2: 32 op, 25080600.00 ns, 783.7688 us/op
WorkloadPilot    3: 64 op, 50011800.00 ns, 781.4344 us/op
WorkloadPilot    4: 128 op, 102918000.00 ns, 804.0469 us/op
WorkloadPilot    5: 256 op, 203660800.00 ns, 795.5500 us/op
WorkloadPilot    6: 512 op, 394666100.00 ns, 770.8322 us/op
WorkloadPilot    7: 1024 op, 770533900.00 ns, 752.4745 us/op

OverheadWarmup   1: 1024 op, 3600.00 ns, 3.5156 ns/op
OverheadWarmup   2: 1024 op, 2000.00 ns, 1.9531 ns/op
OverheadWarmup   3: 1024 op, 1900.00 ns, 1.8555 ns/op
OverheadWarmup   4: 1024 op, 1900.00 ns, 1.8555 ns/op
OverheadWarmup   5: 1024 op, 1900.00 ns, 1.8555 ns/op
OverheadWarmup   6: 1024 op, 2000.00 ns, 1.9531 ns/op
OverheadWarmup   7: 1024 op, 1900.00 ns, 1.8555 ns/op

OverheadActual   1: 1024 op, 2300.00 ns, 2.2461 ns/op
OverheadActual   2: 1024 op, 2200.00 ns, 2.1484 ns/op
OverheadActual   3: 1024 op, 2300.00 ns, 2.2461 ns/op
OverheadActual   4: 1024 op, 2200.00 ns, 2.1484 ns/op
OverheadActual   5: 1024 op, 2200.00 ns, 2.1484 ns/op
OverheadActual   6: 1024 op, 1900.00 ns, 1.8555 ns/op
OverheadActual   7: 1024 op, 1900.00 ns, 1.8555 ns/op
OverheadActual   8: 1024 op, 1900.00 ns, 1.8555 ns/op
OverheadActual   9: 1024 op, 2000.00 ns, 1.9531 ns/op
OverheadActual  10: 1024 op, 1900.00 ns, 1.8555 ns/op
OverheadActual  11: 1024 op, 1900.00 ns, 1.8555 ns/op
OverheadActual  12: 1024 op, 1900.00 ns, 1.8555 ns/op
OverheadActual  13: 1024 op, 1800.00 ns, 1.7578 ns/op
OverheadActual  14: 1024 op, 1900.00 ns, 1.8555 ns/op
OverheadActual  15: 1024 op, 1900.00 ns, 1.8555 ns/op
OverheadActual  16: 1024 op, 1900.00 ns, 1.8555 ns/op
OverheadActual  17: 1024 op, 2500.00 ns, 2.4414 ns/op
OverheadActual  18: 1024 op, 2200.00 ns, 2.1484 ns/op
OverheadActual  19: 1024 op, 2400.00 ns, 2.3438 ns/op
OverheadActual  20: 1024 op, 2300.00 ns, 2.2461 ns/op

WorkloadWarmup   1: 1024 op, 901401400.00 ns, 880.2748 us/op
WorkloadWarmup   2: 1024 op, 1315955300.00 ns, 1.2851 ms/op
WorkloadWarmup   3: 1024 op, 1311257400.00 ns, 1.2805 ms/op
WorkloadWarmup   4: 1024 op, 1298347900.00 ns, 1.2679 ms/op
WorkloadWarmup   5: 1024 op, 1299984700.00 ns, 1.2695 ms/op
WorkloadWarmup   6: 1024 op, 1302413800.00 ns, 1.2719 ms/op
WorkloadWarmup   7: 1024 op, 1350715500.00 ns, 1.3191 ms/op
WorkloadWarmup   8: 1024 op, 1310751000.00 ns, 1.2800 ms/op

// BeforeActualRun
WorkloadActual   1: 1024 op, 1301962000.00 ns, 1.2714 ms/op
WorkloadActual   2: 1024 op, 1325130700.00 ns, 1.2941 ms/op
WorkloadActual   3: 1024 op, 1319587100.00 ns, 1.2887 ms/op
WorkloadActual   4: 1024 op, 1301416100.00 ns, 1.2709 ms/op
WorkloadActual   5: 1024 op, 1308338300.00 ns, 1.2777 ms/op
WorkloadActual   6: 1024 op, 1303187400.00 ns, 1.2726 ms/op
WorkloadActual   7: 1024 op, 1354628400.00 ns, 1.3229 ms/op
WorkloadActual   8: 1024 op, 1367991900.00 ns, 1.3359 ms/op
WorkloadActual   9: 1024 op, 1331437500.00 ns, 1.3002 ms/op
WorkloadActual  10: 1024 op, 1303096100.00 ns, 1.2726 ms/op
WorkloadActual  11: 1024 op, 1323498500.00 ns, 1.2925 ms/op
WorkloadActual  12: 1024 op, 1319813900.00 ns, 1.2889 ms/op
WorkloadActual  13: 1024 op, 1315645000.00 ns, 1.2848 ms/op
WorkloadActual  14: 1024 op, 1332653800.00 ns, 1.3014 ms/op
WorkloadActual  15: 1024 op, 1334317200.00 ns, 1.3030 ms/op

// AfterActualRun
WorkloadResult   1: 1024 op, 1301960050.00 ns, 1.2714 ms/op
WorkloadResult   2: 1024 op, 1325128750.00 ns, 1.2941 ms/op
WorkloadResult   3: 1024 op, 1319585150.00 ns, 1.2887 ms/op
WorkloadResult   4: 1024 op, 1301414150.00 ns, 1.2709 ms/op
WorkloadResult   5: 1024 op, 1308336350.00 ns, 1.2777 ms/op
WorkloadResult   6: 1024 op, 1303185450.00 ns, 1.2726 ms/op
WorkloadResult   7: 1024 op, 1354626450.00 ns, 1.3229 ms/op
WorkloadResult   8: 1024 op, 1367989950.00 ns, 1.3359 ms/op
WorkloadResult   9: 1024 op, 1331435550.00 ns, 1.3002 ms/op
WorkloadResult  10: 1024 op, 1303094150.00 ns, 1.2726 ms/op
WorkloadResult  11: 1024 op, 1323496550.00 ns, 1.2925 ms/op
WorkloadResult  12: 1024 op, 1319811950.00 ns, 1.2889 ms/op
WorkloadResult  13: 1024 op, 1315643050.00 ns, 1.2848 ms/op
WorkloadResult  14: 1024 op, 1332651850.00 ns, 1.3014 ms/op
WorkloadResult  15: 1024 op, 1334315250.00 ns, 1.3030 ms/op
// GC:  1 0 0 23413552 1024
// Threading:  0 0 1024

// AfterAll
// Benchmark Process 35816 has exited with code 0.

Mean = 1.292 ms, StdErr = 0.005 ms (0.38%), N = 15, StdDev = 0.019 ms
Min = 1.271 ms, Q1 = 1.275 ms, Median = 1.289 ms, Q3 = 1.301 ms, Max = 1.336 ms
IQR = 0.026 ms, LowerFence = 1.237 ms, UpperFence = 1.339 ms
ConfidenceInterval = [1.272 ms; 1.312 ms] (CI 99.9%), Margin = 0.020 ms (1.57% of Mean)
Skewness = 0.81, Kurtosis = 2.76, MValue = 2

// ** Remained 3 (9,4 %) benchmark(s) to run. Estimated finish 2026-05-29 20:57 (0h 1m from now) **
Setup power plan (GUID: 8c5e7fda-e8bf-4a96-9a85-a6e23a8c635c FriendlyName: Alto rendimiento)
// **************************
// Benchmark: SaveRepositoryBenchmarks.Save_Single: .NET 8.0(Runtime=.NET 8.0) [SaveFileCount=50]
// *** Execute ***
// Launch: 1 / 1
// Execute: dotnet aa0c72c8-782f-4e5d-b357-a1c5d5f4f806.dll --anonymousPipes 1276 2488 --benchmarkName "ConsoleEngine.Benchmarks.SaveRepositoryBenchmarks.Save_Single(SaveFileCount: 50)" --job ".NET 8.0" --benchmarkId 29 in C:\Users\maxli\ConsoleEngine\src\ConsoleEngine.Benchmarks\bin\Release\net8.0\aa0c72c8-782f-4e5d-b357-a1c5d5f4f806\bin\Release\net8.0
// BeforeAnythingElse

// Benchmark Process Environment Information:
// BenchmarkDotNet v0.14.0
// Runtime=.NET 8.0.22 (8.0.2225.52707), X64 RyuJIT AVX2
// GC=Concurrent Workstation
// HardwareIntrinsics=AVX2,AES,BMI1,BMI2,FMA,LZCNT,PCLMUL,POPCNT,AvxVnni,SERIALIZE VectorSize=256
// Job: .NET 8.0

OverheadJitting  1: 1 op, 257300.00 ns, 257.3000 us/op
WorkloadJitting  1: 1 op, 526700.00 ns, 526.7000 us/op

OverheadJitting  2: 16 op, 95300.00 ns, 5.9563 us/op
WorkloadJitting  2: 16 op, 2169400.00 ns, 135.5875 us/op

WorkloadPilot    1: 16 op, 2325500.00 ns, 145.3438 us/op
WorkloadPilot    2: 32 op, 3693500.00 ns, 115.4219 us/op
WorkloadPilot    3: 64 op, 6995700.00 ns, 109.3078 us/op
WorkloadPilot    4: 128 op, 15499000.00 ns, 121.0859 us/op
WorkloadPilot    5: 256 op, 30242300.00 ns, 118.1340 us/op
WorkloadPilot    6: 512 op, 66941300.00 ns, 130.7447 us/op
WorkloadPilot    7: 1024 op, 128558400.00 ns, 125.5453 us/op
WorkloadPilot    8: 2048 op, 251633300.00 ns, 122.8678 us/op
WorkloadPilot    9: 4096 op, 490216000.00 ns, 119.6816 us/op
WorkloadPilot   10: 8192 op, 996916700.00 ns, 121.6939 us/op

OverheadWarmup   1: 8192 op, 11100.00 ns, 1.3550 ns/op
OverheadWarmup   2: 8192 op, 11300.00 ns, 1.3794 ns/op
OverheadWarmup   3: 8192 op, 10600.00 ns, 1.2939 ns/op
OverheadWarmup   4: 8192 op, 10700.00 ns, 1.3062 ns/op
OverheadWarmup   5: 8192 op, 11200.00 ns, 1.3672 ns/op
OverheadWarmup   6: 8192 op, 10500.00 ns, 1.2817 ns/op

OverheadActual   1: 8192 op, 11000.00 ns, 1.3428 ns/op
OverheadActual   2: 8192 op, 11000.00 ns, 1.3428 ns/op
OverheadActual   3: 8192 op, 12200.00 ns, 1.4893 ns/op
OverheadActual   4: 8192 op, 11300.00 ns, 1.3794 ns/op
OverheadActual   5: 8192 op, 10900.00 ns, 1.3306 ns/op
OverheadActual   6: 8192 op, 12500.00 ns, 1.5259 ns/op
OverheadActual   7: 8192 op, 13300.00 ns, 1.6235 ns/op
OverheadActual   8: 8192 op, 10200.00 ns, 1.2451 ns/op
OverheadActual   9: 8192 op, 14300.00 ns, 1.7456 ns/op
OverheadActual  10: 8192 op, 10600.00 ns, 1.2939 ns/op
OverheadActual  11: 8192 op, 12700.00 ns, 1.5503 ns/op
OverheadActual  12: 8192 op, 11400.00 ns, 1.3916 ns/op
OverheadActual  13: 8192 op, 10800.00 ns, 1.3184 ns/op
OverheadActual  14: 8192 op, 10200.00 ns, 1.2451 ns/op
OverheadActual  15: 8192 op, 10900.00 ns, 1.3306 ns/op
OverheadActual  16: 8192 op, 10400.00 ns, 1.2695 ns/op
OverheadActual  17: 8192 op, 10900.00 ns, 1.3306 ns/op
OverheadActual  18: 8192 op, 12200.00 ns, 1.4893 ns/op
OverheadActual  19: 8192 op, 10700.00 ns, 1.3062 ns/op
OverheadActual  20: 8192 op, 11800.00 ns, 1.4404 ns/op

WorkloadWarmup   1: 8192 op, 1568475800.00 ns, 191.4643 us/op
WorkloadWarmup   2: 8192 op, 1664413500.00 ns, 203.1755 us/op
WorkloadWarmup   3: 8192 op, 1666131800.00 ns, 203.3852 us/op
WorkloadWarmup   4: 8192 op, 1655052800.00 ns, 202.0328 us/op
WorkloadWarmup   5: 8192 op, 1628640700.00 ns, 198.8087 us/op
WorkloadWarmup   6: 8192 op, 1643021700.00 ns, 200.5642 us/op
WorkloadWarmup   7: 8192 op, 1624049100.00 ns, 198.2482 us/op

// BeforeActualRun
WorkloadActual   1: 8192 op, 1689667100.00 ns, 206.2582 us/op
WorkloadActual   2: 8192 op, 1693404300.00 ns, 206.7144 us/op
WorkloadActual   3: 8192 op, 1667930600.00 ns, 203.6048 us/op
WorkloadActual   4: 8192 op, 1659696700.00 ns, 202.5997 us/op
WorkloadActual   5: 8192 op, 1630594700.00 ns, 199.0472 us/op
WorkloadActual   6: 8192 op, 1649908800.00 ns, 201.4049 us/op
WorkloadActual   7: 8192 op, 1618956200.00 ns, 197.6265 us/op
WorkloadActual   8: 8192 op, 1635139200.00 ns, 199.6020 us/op
WorkloadActual   9: 8192 op, 1634882800.00 ns, 199.5707 us/op
WorkloadActual  10: 8192 op, 1637447300.00 ns, 199.8837 us/op
WorkloadActual  11: 8192 op, 1640725100.00 ns, 200.2838 us/op
WorkloadActual  12: 8192 op, 1665011400.00 ns, 203.2485 us/op
WorkloadActual  13: 8192 op, 1636139600.00 ns, 199.7241 us/op
WorkloadActual  14: 8192 op, 1662605800.00 ns, 202.9548 us/op
WorkloadActual  15: 8192 op, 1630534000.00 ns, 199.0398 us/op

// AfterActualRun
WorkloadResult   1: 8192 op, 1689656100.00 ns, 206.2568 us/op
WorkloadResult   2: 8192 op, 1693393300.00 ns, 206.7130 us/op
WorkloadResult   3: 8192 op, 1667919600.00 ns, 203.6035 us/op
WorkloadResult   4: 8192 op, 1659685700.00 ns, 202.5984 us/op
WorkloadResult   5: 8192 op, 1630583700.00 ns, 199.0459 us/op
WorkloadResult   6: 8192 op, 1649897800.00 ns, 201.4035 us/op
WorkloadResult   7: 8192 op, 1618945200.00 ns, 197.6251 us/op
WorkloadResult   8: 8192 op, 1635128200.00 ns, 199.6006 us/op
WorkloadResult   9: 8192 op, 1634871800.00 ns, 199.5693 us/op
WorkloadResult  10: 8192 op, 1637436300.00 ns, 199.8824 us/op
WorkloadResult  11: 8192 op, 1640714100.00 ns, 200.2825 us/op
WorkloadResult  12: 8192 op, 1665000400.00 ns, 203.2471 us/op
WorkloadResult  13: 8192 op, 1636128600.00 ns, 199.7227 us/op
WorkloadResult  14: 8192 op, 1662594800.00 ns, 202.9535 us/op
WorkloadResult  15: 8192 op, 1630523000.00 ns, 199.0385 us/op
// GC:  1 0 0 20972672 8192
// Threading:  0 0 8192

// AfterAll
// Benchmark Process 10620 has exited with code 0.

Mean = 201.436 μs, StdErr = 0.698 μs (0.35%), N = 15, StdDev = 2.702 μs
Min = 197.625 μs, Q1 = 199.585 μs, Median = 200.282 μs, Q3 = 203.100 μs, Max = 206.713 μs
IQR = 3.515 μs, LowerFence = 194.312 μs, UpperFence = 208.373 μs
ConfidenceInterval = [198.547 μs; 204.325 μs] (CI 99.9%), Margin = 2.889 μs (1.43% of Mean)
Skewness = 0.59, Kurtosis = 2.09, MValue = 2

// ** Remained 2 (6,2 %) benchmark(s) to run. Estimated finish 2026-05-29 20:57 (0h 1m from now) **
Setup power plan (GUID: 8c5e7fda-e8bf-4a96-9a85-a6e23a8c635c FriendlyName: Alto rendimiento)
// **************************
// Benchmark: SaveRepositoryBenchmarks.Save_Then_Load_Roundtrip: .NET 8.0(Runtime=.NET 8.0) [SaveFileCount=50]
// *** Execute ***
// Launch: 1 / 1
// Execute: dotnet aa0c72c8-782f-4e5d-b357-a1c5d5f4f806.dll --anonymousPipes 2248 1732 --benchmarkName "ConsoleEngine.Benchmarks.SaveRepositoryBenchmarks.Save_Then_Load_Roundtrip(SaveFileCount: 50)" --job ".NET 8.0" --benchmarkId 30 in C:\Users\maxli\ConsoleEngine\src\ConsoleEngine.Benchmarks\bin\Release\net8.0\aa0c72c8-782f-4e5d-b357-a1c5d5f4f806\bin\Release\net8.0
// BeforeAnythingElse

// Benchmark Process Environment Information:
// BenchmarkDotNet v0.14.0
// Runtime=.NET 8.0.22 (8.0.2225.52707), X64 RyuJIT AVX2
// GC=Concurrent Workstation
// HardwareIntrinsics=AVX2,AES,BMI1,BMI2,FMA,LZCNT,PCLMUL,POPCNT,AvxVnni,SERIALIZE VectorSize=256
// Job: .NET 8.0

OverheadJitting  1: 1 op, 129400.00 ns, 129.4000 us/op
WorkloadJitting  1: 1 op, 5803600.00 ns, 5.8036 ms/op

OverheadJitting  2: 16 op, 146200.00 ns, 9.1375 us/op
WorkloadJitting  2: 16 op, 17293300.00 ns, 1.0808 ms/op

WorkloadPilot    1: 16 op, 18052700.00 ns, 1.1283 ms/op
WorkloadPilot    2: 32 op, 32573400.00 ns, 1.0179 ms/op
WorkloadPilot    3: 64 op, 69435700.00 ns, 1.0849 ms/op
WorkloadPilot    4: 128 op, 133153100.00 ns, 1.0403 ms/op
WorkloadPilot    5: 256 op, 264690800.00 ns, 1.0339 ms/op
WorkloadPilot    6: 512 op, 515797900.00 ns, 1.0074 ms/op

OverheadWarmup   1: 512 op, 1700.00 ns, 3.3203 ns/op
OverheadWarmup   2: 512 op, 1100.00 ns, 2.1484 ns/op
OverheadWarmup   3: 512 op, 1200.00 ns, 2.3438 ns/op
OverheadWarmup   4: 512 op, 900.00 ns, 1.7578 ns/op
OverheadWarmup   5: 512 op, 900.00 ns, 1.7578 ns/op
OverheadWarmup   6: 512 op, 1000.00 ns, 1.9531 ns/op

OverheadActual   1: 512 op, 1000.00 ns, 1.9531 ns/op
OverheadActual   2: 512 op, 1100.00 ns, 2.1484 ns/op
OverheadActual   3: 512 op, 1200.00 ns, 2.3438 ns/op
OverheadActual   4: 512 op, 700.00 ns, 1.3672 ns/op
OverheadActual   5: 512 op, 1000.00 ns, 1.9531 ns/op
OverheadActual   6: 512 op, 1000.00 ns, 1.9531 ns/op
OverheadActual   7: 512 op, 800.00 ns, 1.5625 ns/op
OverheadActual   8: 512 op, 1100.00 ns, 2.1484 ns/op
OverheadActual   9: 512 op, 800.00 ns, 1.5625 ns/op
OverheadActual  10: 512 op, 1100.00 ns, 2.1484 ns/op
OverheadActual  11: 512 op, 800.00 ns, 1.5625 ns/op
OverheadActual  12: 512 op, 600.00 ns, 1.1719 ns/op
OverheadActual  13: 512 op, 800.00 ns, 1.5625 ns/op
OverheadActual  14: 512 op, 600.00 ns, 1.1719 ns/op
OverheadActual  15: 512 op, 600.00 ns, 1.1719 ns/op
OverheadActual  16: 512 op, 700.00 ns, 1.3672 ns/op
OverheadActual  17: 512 op, 700.00 ns, 1.3672 ns/op
OverheadActual  18: 512 op, 900.00 ns, 1.7578 ns/op
OverheadActual  19: 512 op, 700.00 ns, 1.3672 ns/op
OverheadActual  20: 512 op, 700.00 ns, 1.3672 ns/op

WorkloadWarmup   1: 512 op, 505019200.00 ns, 986.3656 us/op
WorkloadWarmup   2: 512 op, 486292300.00 ns, 949.7896 us/op
WorkloadWarmup   3: 512 op, 745129400.00 ns, 1.4553 ms/op
WorkloadWarmup   4: 512 op, 828954500.00 ns, 1.6191 ms/op
WorkloadWarmup   5: 512 op, 834971100.00 ns, 1.6308 ms/op
WorkloadWarmup   6: 512 op, 809816800.00 ns, 1.5817 ms/op
WorkloadWarmup   7: 512 op, 802666100.00 ns, 1.5677 ms/op
WorkloadWarmup   8: 512 op, 813615400.00 ns, 1.5891 ms/op
WorkloadWarmup   9: 512 op, 819326400.00 ns, 1.6002 ms/op
WorkloadWarmup  10: 512 op, 805792000.00 ns, 1.5738 ms/op

// BeforeActualRun
WorkloadActual   1: 512 op, 780951100.00 ns, 1.5253 ms/op
WorkloadActual   2: 512 op, 811195900.00 ns, 1.5844 ms/op
WorkloadActual   3: 512 op, 798962700.00 ns, 1.5605 ms/op
WorkloadActual   4: 512 op, 806859100.00 ns, 1.5759 ms/op
WorkloadActual   5: 512 op, 809468200.00 ns, 1.5810 ms/op
WorkloadActual   6: 512 op, 808621900.00 ns, 1.5793 ms/op
WorkloadActual   7: 512 op, 806141000.00 ns, 1.5745 ms/op
WorkloadActual   8: 512 op, 782011700.00 ns, 1.5274 ms/op
WorkloadActual   9: 512 op, 791654800.00 ns, 1.5462 ms/op
WorkloadActual  10: 512 op, 785214200.00 ns, 1.5336 ms/op
WorkloadActual  11: 512 op, 783604600.00 ns, 1.5305 ms/op
WorkloadActual  12: 512 op, 794023500.00 ns, 1.5508 ms/op
WorkloadActual  13: 512 op, 785474000.00 ns, 1.5341 ms/op
WorkloadActual  14: 512 op, 790309900.00 ns, 1.5436 ms/op
WorkloadActual  15: 512 op, 792212600.00 ns, 1.5473 ms/op

// AfterActualRun
WorkloadResult   1: 512 op, 780950300.00 ns, 1.5253 ms/op
WorkloadResult   2: 512 op, 811195100.00 ns, 1.5844 ms/op
WorkloadResult   3: 512 op, 798961900.00 ns, 1.5605 ms/op
WorkloadResult   4: 512 op, 806858300.00 ns, 1.5759 ms/op
WorkloadResult   5: 512 op, 809467400.00 ns, 1.5810 ms/op
WorkloadResult   6: 512 op, 808621100.00 ns, 1.5793 ms/op
WorkloadResult   7: 512 op, 806140200.00 ns, 1.5745 ms/op
WorkloadResult   8: 512 op, 782010900.00 ns, 1.5274 ms/op
WorkloadResult   9: 512 op, 791654000.00 ns, 1.5462 ms/op
WorkloadResult  10: 512 op, 785213400.00 ns, 1.5336 ms/op
WorkloadResult  11: 512 op, 783603800.00 ns, 1.5305 ms/op
WorkloadResult  12: 512 op, 794022700.00 ns, 1.5508 ms/op
WorkloadResult  13: 512 op, 785473200.00 ns, 1.5341 ms/op
WorkloadResult  14: 512 op, 790309100.00 ns, 1.5436 ms/op
WorkloadResult  15: 512 op, 792211800.00 ns, 1.5473 ms/op
// GC:  1 0 0 16540128 512
// Threading:  0 0 512

// AfterAll
// Benchmark Process 10536 has exited with code 0.

Mean = 1.553 ms, StdErr = 0.005 ms (0.35%), N = 15, StdDev = 0.021 ms
Min = 1.525 ms, Q1 = 1.534 ms, Median = 1.547 ms, Q3 = 1.575 ms, Max = 1.584 ms
IQR = 0.041 ms, LowerFence = 1.472 ms, UpperFence = 1.637 ms
ConfidenceInterval = [1.530 ms; 1.576 ms] (CI 99.9%), Margin = 0.023 ms (1.46% of Mean)
Skewness = 0.2, Kurtosis = 1.34, MValue = 2

// ** Remained 1 (3,1 %) benchmark(s) to run. Estimated finish 2026-05-29 20:57 (0h 0m from now) **
Setup power plan (GUID: 8c5e7fda-e8bf-4a96-9a85-a6e23a8c635c FriendlyName: Alto rendimiento)
// **************************
// Benchmark: SaveRepositoryBenchmarks.HasAnySave: .NET 8.0(Runtime=.NET 8.0) [SaveFileCount=50]
// *** Execute ***
// Launch: 1 / 1
// Execute: dotnet aa0c72c8-782f-4e5d-b357-a1c5d5f4f806.dll --anonymousPipes 2248 2028 --benchmarkName "ConsoleEngine.Benchmarks.SaveRepositoryBenchmarks.HasAnySave(SaveFileCount: 50)" --job ".NET 8.0" --benchmarkId 31 in C:\Users\maxli\ConsoleEngine\src\ConsoleEngine.Benchmarks\bin\Release\net8.0\aa0c72c8-782f-4e5d-b357-a1c5d5f4f806\bin\Release\net8.0
// BeforeAnythingElse

// Benchmark Process Environment Information:
// BenchmarkDotNet v0.14.0
// Runtime=.NET 8.0.22 (8.0.2225.52707), X64 RyuJIT AVX2
// GC=Concurrent Workstation
// HardwareIntrinsics=AVX2,AES,BMI1,BMI2,FMA,LZCNT,PCLMUL,POPCNT,AvxVnni,SERIALIZE VectorSize=256
// Job: .NET 8.0

OverheadJitting  1: 1 op, 134600.00 ns, 134.6000 us/op
WorkloadJitting  1: 1 op, 905400.00 ns, 905.4000 us/op

OverheadJitting  2: 16 op, 222000.00 ns, 13.8750 us/op
WorkloadJitting  2: 16 op, 1049600.00 ns, 65.6000 us/op

WorkloadPilot    1: 16 op, 768600.00 ns, 48.0375 us/op
WorkloadPilot    2: 32 op, 1380500.00 ns, 43.1406 us/op
WorkloadPilot    3: 64 op, 2620400.00 ns, 40.9438 us/op
WorkloadPilot    4: 128 op, 5383100.00 ns, 42.0555 us/op
WorkloadPilot    5: 256 op, 11064100.00 ns, 43.2191 us/op
WorkloadPilot    6: 512 op, 21642000.00 ns, 42.2695 us/op
WorkloadPilot    7: 1024 op, 43839100.00 ns, 42.8116 us/op
WorkloadPilot    8: 2048 op, 88374300.00 ns, 43.1515 us/op
WorkloadPilot    9: 4096 op, 192042100.00 ns, 46.8853 us/op
WorkloadPilot   10: 8192 op, 343996800.00 ns, 41.9918 us/op
WorkloadPilot   11: 16384 op, 625463300.00 ns, 38.1753 us/op

OverheadWarmup   1: 16384 op, 20600.00 ns, 1.2573 ns/op
OverheadWarmup   2: 16384 op, 23000.00 ns, 1.4038 ns/op
OverheadWarmup   3: 16384 op, 19600.00 ns, 1.1963 ns/op
OverheadWarmup   4: 16384 op, 22500.00 ns, 1.3733 ns/op
OverheadWarmup   5: 16384 op, 23100.00 ns, 1.4099 ns/op
OverheadWarmup   6: 16384 op, 22300.00 ns, 1.3611 ns/op

OverheadActual   1: 16384 op, 19500.00 ns, 1.1902 ns/op
OverheadActual   2: 16384 op, 22400.00 ns, 1.3672 ns/op
OverheadActual   3: 16384 op, 23000.00 ns, 1.4038 ns/op
OverheadActual   4: 16384 op, 22500.00 ns, 1.3733 ns/op
OverheadActual   5: 16384 op, 22500.00 ns, 1.3733 ns/op
OverheadActual   6: 16384 op, 22200.00 ns, 1.3550 ns/op
OverheadActual   7: 16384 op, 23000.00 ns, 1.4038 ns/op
OverheadActual   8: 16384 op, 22300.00 ns, 1.3611 ns/op
OverheadActual   9: 16384 op, 22100.00 ns, 1.3489 ns/op
OverheadActual  10: 16384 op, 21500.00 ns, 1.3123 ns/op
OverheadActual  11: 16384 op, 22400.00 ns, 1.3672 ns/op
OverheadActual  12: 16384 op, 22200.00 ns, 1.3550 ns/op
OverheadActual  13: 16384 op, 22200.00 ns, 1.3550 ns/op
OverheadActual  14: 16384 op, 22200.00 ns, 1.3550 ns/op
OverheadActual  15: 16384 op, 24300.00 ns, 1.4832 ns/op

WorkloadWarmup   1: 16384 op, 629938400.00 ns, 38.4484 us/op
WorkloadWarmup   2: 16384 op, 1018079000.00 ns, 62.1386 us/op
WorkloadWarmup   3: 16384 op, 1109326700.00 ns, 67.7079 us/op
WorkloadWarmup   4: 16384 op, 1112077700.00 ns, 67.8758 us/op
WorkloadWarmup   5: 16384 op, 1100791100.00 ns, 67.1870 us/op
WorkloadWarmup   6: 16384 op, 1102167300.00 ns, 67.2710 us/op
WorkloadWarmup   7: 16384 op, 1103189900.00 ns, 67.3334 us/op
WorkloadWarmup   8: 16384 op, 1104413900.00 ns, 67.4081 us/op
WorkloadWarmup   9: 16384 op, 1121961700.00 ns, 68.4791 us/op
WorkloadWarmup  10: 16384 op, 1161169300.00 ns, 70.8721 us/op
WorkloadWarmup  11: 16384 op, 1154490000.00 ns, 70.4645 us/op

// BeforeActualRun
WorkloadActual   1: 16384 op, 1153215900.00 ns, 70.3867 us/op
WorkloadActual   2: 16384 op, 1116704100.00 ns, 68.1582 us/op
WorkloadActual   3: 16384 op, 1110915500.00 ns, 67.8049 us/op
WorkloadActual   4: 16384 op, 1112688800.00 ns, 67.9131 us/op
WorkloadActual   5: 16384 op, 1120314900.00 ns, 68.3786 us/op
WorkloadActual   6: 16384 op, 1111533200.00 ns, 67.8426 us/op
WorkloadActual   7: 16384 op, 1104731500.00 ns, 67.4275 us/op
WorkloadActual   8: 16384 op, 1114568000.00 ns, 68.0278 us/op
WorkloadActual   9: 16384 op, 1111713400.00 ns, 67.8536 us/op
WorkloadActual  10: 16384 op, 1106668500.00 ns, 67.5457 us/op
WorkloadActual  11: 16384 op, 1109667400.00 ns, 67.7287 us/op
WorkloadActual  12: 16384 op, 1104487100.00 ns, 67.4125 us/op
WorkloadActual  13: 16384 op, 1112770600.00 ns, 67.9181 us/op
WorkloadActual  14: 16384 op, 1112162100.00 ns, 67.8810 us/op
WorkloadActual  15: 16384 op, 1105792100.00 ns, 67.4922 us/op

// AfterActualRun
WorkloadResult   1: 16384 op, 1116681800.00 ns, 68.1568 us/op
WorkloadResult   2: 16384 op, 1110893200.00 ns, 67.8035 us/op
WorkloadResult   3: 16384 op, 1112666500.00 ns, 67.9118 us/op
WorkloadResult   4: 16384 op, 1120292600.00 ns, 68.3772 us/op
WorkloadResult   5: 16384 op, 1111510900.00 ns, 67.8412 us/op
WorkloadResult   6: 16384 op, 1104709200.00 ns, 67.4261 us/op
WorkloadResult   7: 16384 op, 1114545700.00 ns, 68.0265 us/op
WorkloadResult   8: 16384 op, 1111691100.00 ns, 67.8522 us/op
WorkloadResult   9: 16384 op, 1106646200.00 ns, 67.5443 us/op
WorkloadResult  10: 16384 op, 1109645100.00 ns, 67.7274 us/op
WorkloadResult  11: 16384 op, 1104464800.00 ns, 67.4112 us/op
WorkloadResult  12: 16384 op, 1112748300.00 ns, 67.9168 us/op
WorkloadResult  13: 16384 op, 1112139800.00 ns, 67.8796 us/op
WorkloadResult  14: 16384 op, 1105769800.00 ns, 67.4908 us/op
// GC:  13 0 0 214827744 16384
// Threading:  0 0 16384

// AfterAll
// Benchmark Process 16612 has exited with code 0.

Mean = 67.812 μs, StdErr = 0.074 μs (0.11%), N = 14, StdDev = 0.278 μs
Min = 67.411 μs, Q1 = 67.590 μs, Median = 67.847 μs, Q3 = 67.916 μs, Max = 68.377 μs
IQR = 0.325 μs, LowerFence = 67.102 μs, UpperFence = 68.404 μs
ConfidenceInterval = [67.498 μs; 68.125 μs] (CI 99.9%), Margin = 0.313 μs (0.46% of Mean)
Skewness = 0.2, Kurtosis = 2.18, MValue = 2

// ** Remained 0 (0,0 %) benchmark(s) to run. Estimated finish 2026-05-29 20:57 (0h 0m from now) **
Successfully reverted power plan (GUID: a1841308-3541-4fab-bc81-f71556f20b4a FriendlyName: Economizador)
// ***** BenchmarkRunner: Finish  *****

// * Export *
  docs\perf-audit\persistence\results\ConsoleEngine.Benchmarks.SaveRepositoryBenchmarks-report.csv
  docs\perf-audit\persistence\results\ConsoleEngine.Benchmarks.SaveRepositoryBenchmarks-report-github.md
  docs\perf-audit\persistence\results\ConsoleEngine.Benchmarks.SaveRepositoryBenchmarks-report.html
  docs\perf-audit\persistence\results\ConsoleEngine.Benchmarks.SaveRepositoryBenchmarks-report-full-compressed.json

// * Detailed results *
SaveRepositoryBenchmarks.LoadMostRecent: .NET 8.0(Runtime=.NET 8.0) [SaveFileCount=1]
Runtime = .NET 8.0.22 (8.0.2225.52707), X64 RyuJIT AVX2; GC = Concurrent Workstation
Mean = 188.008 μs, StdErr = 0.583 μs (0.31%), N = 14, StdDev = 2.180 μs
Min = 184.319 μs, Q1 = 186.437 μs, Median = 188.083 μs, Q3 = 188.860 μs, Max = 191.922 μs
IQR = 2.423 μs, LowerFence = 182.803 μs, UpperFence = 192.495 μs
ConfidenceInterval = [185.549 μs; 190.467 μs] (CI 99.9%), Margin = 2.459 μs (1.31% of Mean)
Skewness = 0.28, Kurtosis = 2.24, MValue = 2
-------------------- Histogram --------------------
[183.132 μs ; 193.109 μs) | @@@@@@@@@@@@@@
---------------------------------------------------

SaveRepositoryBenchmarks.Save_Single: .NET 8.0(Runtime=.NET 8.0) [SaveFileCount=1]
Runtime = .NET 8.0.22 (8.0.2225.52707), X64 RyuJIT AVX2; GC = Concurrent Workstation
Mean = 197.394 μs, StdErr = 0.480 μs (0.24%), N = 14, StdDev = 1.796 μs
Min = 194.463 μs, Q1 = 196.348 μs, Median = 197.234 μs, Q3 = 197.928 μs, Max = 200.926 μs
IQR = 1.580 μs, LowerFence = 193.978 μs, UpperFence = 200.299 μs
ConfidenceInterval = [195.368 μs; 199.421 μs] (CI 99.9%), Margin = 2.026 μs (1.03% of Mean)
Skewness = 0.53, Kurtosis = 2.29, MValue = 2
-------------------- Histogram --------------------
[193.484 μs ; 201.904 μs) | @@@@@@@@@@@@@@
---------------------------------------------------

SaveRepositoryBenchmarks.Save_Then_Load_Roundtrip: .NET 8.0(Runtime=.NET 8.0) [SaveFileCount=1]
Runtime = .NET 8.0.22 (8.0.2225.52707), X64 RyuJIT AVX2; GC = Concurrent Workstation
Mean = 451.670 μs, StdErr = 2.435 μs (0.54%), N = 32, StdDev = 13.772 μs
Min = 410.742 μs, Q1 = 444.256 μs, Median = 451.476 μs, Q3 = 461.273 μs, Max = 471.501 μs
IQR = 17.017 μs, LowerFence = 418.731 μs, UpperFence = 486.798 μs
ConfidenceInterval = [442.825 μs; 460.516 μs] (CI 99.9%), Margin = 8.846 μs (1.96% of Mean)
Skewness = -0.91, Kurtosis = 4.02, MValue = 2
-------------------- Histogram --------------------
[409.301 μs ; 420.688 μs) | @@
[420.688 μs ; 433.478 μs) | 
[433.478 μs ; 443.694 μs) | @@@@
[443.694 μs ; 455.080 μs) | @@@@@@@@@@@@@@
[455.080 μs ; 477.195 μs) | @@@@@@@@@@@@
---------------------------------------------------

SaveRepositoryBenchmarks.HasAnySave: .NET 8.0(Runtime=.NET 8.0) [SaveFileCount=1]
Runtime = .NET 8.0.22 (8.0.2225.52707), X64 RyuJIT AVX2; GC = Concurrent Workstation
Mean = 55.454 μs, StdErr = 0.155 μs (0.28%), N = 15, StdDev = 0.601 μs
Min = 54.575 μs, Q1 = 54.959 μs, Median = 55.743 μs, Q3 = 55.913 μs, Max = 56.373 μs
IQR = 0.955 μs, LowerFence = 53.527 μs, UpperFence = 57.346 μs
ConfidenceInterval = [54.811 μs; 56.097 μs] (CI 99.9%), Margin = 0.643 μs (1.16% of Mean)
Skewness = -0.07, Kurtosis = 1.34, MValue = 2
-------------------- Histogram --------------------
[54.329 μs ; 56.618 μs) | @@@@@@@@@@@@@@@
---------------------------------------------------

SaveRepositoryBenchmarks.LoadMostRecent: .NET 8.0(Runtime=.NET 8.0) [SaveFileCount=5]
Runtime = .NET 8.0.22 (8.0.2225.52707), X64 RyuJIT AVX2; GC = Concurrent Workstation
Mean = 286.814 μs, StdErr = 1.523 μs (0.53%), N = 25, StdDev = 7.615 μs
Min = 274.180 μs, Q1 = 279.970 μs, Median = 287.869 μs, Q3 = 293.539 μs, Max = 296.362 μs
IQR = 13.570 μs, LowerFence = 259.615 μs, UpperFence = 313.894 μs
ConfidenceInterval = [281.110 μs; 292.518 μs] (CI 99.9%), Margin = 5.704 μs (1.99% of Mean)
Skewness = -0.17, Kurtosis = 1.37, MValue = 3.17
-------------------- Histogram --------------------
[270.762 μs ; 282.781 μs) | @@@@@@@@@@
[282.781 μs ; 290.015 μs) | @@@
[290.015 μs ; 296.851 μs) | @@@@@@@@@@@@
---------------------------------------------------

SaveRepositoryBenchmarks.Save_Single: .NET 8.0(Runtime=.NET 8.0) [SaveFileCount=5]
Runtime = .NET 8.0.22 (8.0.2225.52707), X64 RyuJIT AVX2; GC = Concurrent Workstation
Mean = 203.025 μs, StdErr = 0.826 μs (0.41%), N = 15, StdDev = 3.197 μs
Min = 198.368 μs, Q1 = 200.985 μs, Median = 202.578 μs, Q3 = 204.733 μs, Max = 208.654 μs
IQR = 3.748 μs, LowerFence = 195.363 μs, UpperFence = 210.356 μs
ConfidenceInterval = [199.607 μs; 206.443 μs] (CI 99.9%), Margin = 3.418 μs (1.68% of Mean)
Skewness = 0.43, Kurtosis = 1.96, MValue = 2
-------------------- Histogram --------------------
[196.667 μs ; 204.545 μs) | @@@@@@@@@@@
[204.545 μs ; 209.063 μs) | @@@@
---------------------------------------------------

SaveRepositoryBenchmarks.Save_Then_Load_Roundtrip: .NET 8.0(Runtime=.NET 8.0) [SaveFileCount=5]
Runtime = .NET 8.0.22 (8.0.2225.52707), X64 RyuJIT AVX2; GC = Concurrent Workstation
Mean = 554.254 μs, StdErr = 3.046 μs (0.55%), N = 39, StdDev = 19.025 μs
Min = 498.508 μs, Q1 = 541.268 μs, Median = 551.771 μs, Q3 = 570.983 μs, Max = 589.083 μs
IQR = 29.715 μs, LowerFence = 496.696 μs, UpperFence = 615.555 μs
ConfidenceInterval = [543.391 μs; 565.116 μs] (CI 99.9%), Margin = 10.862 μs (1.96% of Mean)
Skewness = -0.29, Kurtosis = 3.1, MValue = 2.88
-------------------- Histogram --------------------
[491.145 μs ; 505.871 μs) | @
[505.871 μs ; 520.598 μs) | 
[520.598 μs ; 539.182 μs) | @@@@@@
[539.182 μs ; 553.909 μs) | @@@@@@@@@@@@@@@@
[553.909 μs ; 570.568 μs) | @@@@@
[570.568 μs ; 596.446 μs) | @@@@@@@@@@@
---------------------------------------------------

SaveRepositoryBenchmarks.HasAnySave: .NET 8.0(Runtime=.NET 8.0) [SaveFileCount=5]
Runtime = .NET 8.0.22 (8.0.2225.52707), X64 RyuJIT AVX2; GC = Concurrent Workstation
Mean = 56.887 μs, StdErr = 0.198 μs (0.35%), N = 15, StdDev = 0.766 μs
Min = 55.819 μs, Q1 = 56.336 μs, Median = 56.714 μs, Q3 = 57.456 μs, Max = 58.221 μs
IQR = 1.119 μs, LowerFence = 54.657 μs, UpperFence = 59.135 μs
ConfidenceInterval = [56.068 μs; 57.706 μs] (CI 99.9%), Margin = 0.819 μs (1.44% of Mean)
Skewness = 0.28, Kurtosis = 1.6, MValue = 2
-------------------- Histogram --------------------
[55.411 μs ; 57.014 μs) | @@@@@@@@@
[57.014 μs ; 58.247 μs) | @@@@@@
---------------------------------------------------

SaveRepositoryBenchmarks.LoadMostRecent: .NET 8.0(Runtime=.NET 8.0) [SaveFileCount=20]
Runtime = .NET 8.0.22 (8.0.2225.52707), X64 RyuJIT AVX2; GC = Concurrent Workstation
Mean = 622.341 μs, StdErr = 2.996 μs (0.48%), N = 19, StdDev = 13.058 μs
Min = 586.166 μs, Q1 = 617.200 μs, Median = 622.366 μs, Q3 = 628.838 μs, Max = 642.204 μs
IQR = 11.638 μs, LowerFence = 599.744 μs, UpperFence = 646.294 μs
ConfidenceInterval = [610.593 μs; 634.089 μs] (CI 99.9%), Margin = 11.748 μs (1.89% of Mean)
Skewness = -0.76, Kurtosis = 3.92, MValue = 2
-------------------- Histogram --------------------
[579.744 μs ; 592.589 μs) | @
[592.589 μs ; 604.928 μs) | 
[604.928 μs ; 617.692 μs) | @@@@
[617.692 μs ; 630.538 μs) | @@@@@@@@@@
[630.538 μs ; 643.880 μs) | @@@@
---------------------------------------------------

SaveRepositoryBenchmarks.Save_Single: .NET 8.0(Runtime=.NET 8.0) [SaveFileCount=20]
Runtime = .NET 8.0.22 (8.0.2225.52707), X64 RyuJIT AVX2; GC = Concurrent Workstation
Mean = 201.270 μs, StdErr = 0.901 μs (0.45%), N = 15, StdDev = 3.488 μs
Min = 197.657 μs, Q1 = 198.786 μs, Median = 200.894 μs, Q3 = 201.669 μs, Max = 208.933 μs
IQR = 2.883 μs, LowerFence = 194.461 μs, UpperFence = 205.994 μs
ConfidenceInterval = [197.541 μs; 204.998 μs] (CI 99.9%), Margin = 3.728 μs (1.85% of Mean)
Skewness = 1, Kurtosis = 2.65, MValue = 2
-------------------- Histogram --------------------
[197.413 μs ; 209.385 μs) | @@@@@@@@@@@@@@@
---------------------------------------------------

SaveRepositoryBenchmarks.Save_Then_Load_Roundtrip: .NET 8.0(Runtime=.NET 8.0) [SaveFileCount=20]
Runtime = .NET 8.0.22 (8.0.2225.52707), X64 RyuJIT AVX2; GC = Concurrent Workstation
Mean = 881.073 μs, StdErr = 1.777 μs (0.20%), N = 14, StdDev = 6.649 μs
Min = 870.889 μs, Q1 = 877.171 μs, Median = 880.115 μs, Q3 = 883.632 μs, Max = 893.243 μs
IQR = 6.461 μs, LowerFence = 867.479 μs, UpperFence = 893.324 μs
ConfidenceInterval = [873.573 μs; 888.573 μs] (CI 99.9%), Margin = 7.500 μs (0.85% of Mean)
Skewness = 0.46, Kurtosis = 2.04, MValue = 2
-------------------- Histogram --------------------
[868.188 μs ; 896.864 μs) | @@@@@@@@@@@@@@
---------------------------------------------------

SaveRepositoryBenchmarks.HasAnySave: .NET 8.0(Runtime=.NET 8.0) [SaveFileCount=20]
Runtime = .NET 8.0.22 (8.0.2225.52707), X64 RyuJIT AVX2; GC = Concurrent Workstation
Mean = 58.393 μs, StdErr = 0.119 μs (0.20%), N = 14, StdDev = 0.445 μs
Min = 57.785 μs, Q1 = 58.069 μs, Median = 58.347 μs, Q3 = 58.514 μs, Max = 59.239 μs
IQR = 0.445 μs, LowerFence = 57.401 μs, UpperFence = 59.182 μs
ConfidenceInterval = [57.891 μs; 58.894 μs] (CI 99.9%), Margin = 0.502 μs (0.86% of Mean)
Skewness = 0.67, Kurtosis = 2.17, MValue = 2
-------------------- Histogram --------------------
[57.622 μs ; 59.481 μs) | @@@@@@@@@@@@@@
---------------------------------------------------

SaveRepositoryBenchmarks.LoadMostRecent: .NET 8.0(Runtime=.NET 8.0) [SaveFileCount=50]
Runtime = .NET 8.0.22 (8.0.2225.52707), X64 RyuJIT AVX2; GC = Concurrent Workstation
Mean = 1.292 ms, StdErr = 0.005 ms (0.38%), N = 15, StdDev = 0.019 ms
Min = 1.271 ms, Q1 = 1.275 ms, Median = 1.289 ms, Q3 = 1.301 ms, Max = 1.336 ms
IQR = 0.026 ms, LowerFence = 1.237 ms, UpperFence = 1.339 ms
ConfidenceInterval = [1.272 ms; 1.312 ms] (CI 99.9%), Margin = 0.020 ms (1.57% of Mean)
Skewness = 0.81, Kurtosis = 2.76, MValue = 2
-------------------- Histogram --------------------
[1.267 ms ; 1.312 ms) | @@@@@@@@@@@@@
[1.312 ms ; 1.343 ms) | @@
---------------------------------------------------

SaveRepositoryBenchmarks.Save_Single: .NET 8.0(Runtime=.NET 8.0) [SaveFileCount=50]
Runtime = .NET 8.0.22 (8.0.2225.52707), X64 RyuJIT AVX2; GC = Concurrent Workstation
Mean = 201.436 μs, StdErr = 0.698 μs (0.35%), N = 15, StdDev = 2.702 μs
Min = 197.625 μs, Q1 = 199.585 μs, Median = 200.282 μs, Q3 = 203.100 μs, Max = 206.713 μs
IQR = 3.515 μs, LowerFence = 194.312 μs, UpperFence = 208.373 μs
ConfidenceInterval = [198.547 μs; 204.325 μs] (CI 99.9%), Margin = 2.889 μs (1.43% of Mean)
Skewness = 0.59, Kurtosis = 2.09, MValue = 2
-------------------- Histogram --------------------
[196.187 μs ; 202.223 μs) | @@@@@@@@@
[202.223 μs ; 208.151 μs) | @@@@@@
---------------------------------------------------

SaveRepositoryBenchmarks.Save_Then_Load_Roundtrip: .NET 8.0(Runtime=.NET 8.0) [SaveFileCount=50]
Runtime = .NET 8.0.22 (8.0.2225.52707), X64 RyuJIT AVX2; GC = Concurrent Workstation
Mean = 1.553 ms, StdErr = 0.005 ms (0.35%), N = 15, StdDev = 0.021 ms
Min = 1.525 ms, Q1 = 1.534 ms, Median = 1.547 ms, Q3 = 1.575 ms, Max = 1.584 ms
IQR = 0.041 ms, LowerFence = 1.472 ms, UpperFence = 1.637 ms
ConfidenceInterval = [1.530 ms; 1.576 ms] (CI 99.9%), Margin = 0.023 ms (1.46% of Mean)
Skewness = 0.2, Kurtosis = 1.34, MValue = 2
-------------------- Histogram --------------------
[1.521 ms ; 1.564 ms) | @@@@@@@@@@
[1.564 ms ; 1.596 ms) | @@@@@
---------------------------------------------------

SaveRepositoryBenchmarks.HasAnySave: .NET 8.0(Runtime=.NET 8.0) [SaveFileCount=50]
Runtime = .NET 8.0.22 (8.0.2225.52707), X64 RyuJIT AVX2; GC = Concurrent Workstation
Mean = 67.812 μs, StdErr = 0.074 μs (0.11%), N = 14, StdDev = 0.278 μs
Min = 67.411 μs, Q1 = 67.590 μs, Median = 67.847 μs, Q3 = 67.916 μs, Max = 68.377 μs
IQR = 0.325 μs, LowerFence = 67.102 μs, UpperFence = 68.404 μs
ConfidenceInterval = [67.498 μs; 68.125 μs] (CI 99.9%), Margin = 0.313 μs (0.46% of Mean)
Skewness = 0.2, Kurtosis = 2.18, MValue = 2
-------------------- Histogram --------------------
[67.260 μs ; 68.529 μs) | @@@@@@@@@@@@@@
---------------------------------------------------

// * Summary *

BenchmarkDotNet v0.14.0, Windows 11 (10.0.26200.8524)
Unknown processor
.NET SDK 9.0.309
  [Host]   : .NET 8.0.22 (8.0.2225.52707), X64 RyuJIT AVX2
  .NET 8.0 : .NET 8.0.22 (8.0.2225.52707), X64 RyuJIT AVX2

Job=.NET 8.0  Runtime=.NET 8.0  

| Method                   | SaveFileCount | Mean        | Error     | StdDev    | Ratio | RatioSD | Gen0   | Allocated | Alloc Ratio |
|------------------------- |-------------- |------------:|----------:|----------:|------:|--------:|-------:|----------:|------------:|
| LoadMostRecent           | 1             |   188.01 μs |  2.459 μs |  2.180 μs |  1.00 |    0.02 | 0.4883 |   10440 B |        1.00 |
| Save_Single              | 1             |   197.39 μs |  2.026 μs |  1.796 μs |  1.05 |    0.01 |      - |    2560 B |        0.25 |
| Save_Then_Load_Roundtrip | 1             |   451.67 μs |  8.846 μs | 13.772 μs |  2.40 |    0.08 | 0.9766 |   19881 B |        1.90 |
| HasAnySave               | 1             |    55.45 μs |  0.643 μs |  0.601 μs |  0.29 |    0.00 | 0.0305 |     688 B |        0.07 |
|                          |               |             |           |           |       |         |        |           |             |
| LoadMostRecent           | 5             |   286.81 μs |  5.704 μs |  7.615 μs |  1.00 |    0.04 | 0.4883 |   11456 B |        1.00 |
| Save_Single              | 5             |   203.02 μs |  3.418 μs |  3.197 μs |  0.71 |    0.02 | 0.1221 |    2560 B |        0.22 |
| Save_Then_Load_Roundtrip | 5             |   554.25 μs | 10.862 μs | 19.025 μs |  1.93 |    0.08 | 0.9766 |   20897 B |        1.82 |
| HasAnySave               | 5             |    56.89 μs |  0.819 μs |  0.766 μs |  0.20 |    0.01 | 0.0610 |    1704 B |        0.15 |
|                          |               |             |           |           |       |         |        |           |             |
| LoadMostRecent           | 20            |   622.34 μs | 11.748 μs | 13.058 μs |  1.00 |    0.03 | 0.9766 |   15369 B |        1.00 |
| Save_Single              | 20            |   201.27 μs |  3.728 μs |  3.488 μs |  0.32 |    0.01 | 0.1221 |    2560 B |        0.17 |
| Save_Then_Load_Roundtrip | 20            |   881.07 μs |  7.500 μs |  6.649 μs |  1.42 |    0.03 | 0.9766 |   24809 B |        1.61 |
| HasAnySave               | 20            |    58.39 μs |  0.502 μs |  0.445 μs |  0.09 |    0.00 | 0.3052 |    5616 B |        0.37 |
|                          |               |             |           |           |       |         |        |           |             |
| LoadMostRecent           | 50            | 1,291.84 μs | 20.331 μs | 19.018 μs |  1.00 |    0.02 | 0.9766 |   22865 B |        1.00 |
| Save_Single              | 50            |   201.44 μs |  2.889 μs |  2.702 μs |  0.16 |    0.00 | 0.1221 |    2560 B |        0.11 |
| Save_Then_Load_Roundtrip | 50            | 1,552.95 μs | 22.749 μs | 21.279 μs |  1.20 |    0.02 | 1.9531 |   32305 B |        1.41 |
| HasAnySave               | 50            |    67.81 μs |  0.313 μs |  0.278 μs |  0.05 |    0.00 | 0.7935 |   13112 B |        0.57 |

// * Warnings *
MultimodalDistribution
  SaveRepositoryBenchmarks.LoadMostRecent: .NET 8.0           -> It seems that the distribution can have several modes (mValue = 3.17)
  SaveRepositoryBenchmarks.Save_Then_Load_Roundtrip: .NET 8.0 -> It seems that the distribution can have several modes (mValue = 2.88)

// * Hints *
Outliers
  SaveRepositoryBenchmarks.LoadMostRecent: .NET 8.0           -> 1 outlier  was  removed (194.59 μs)
  SaveRepositoryBenchmarks.Save_Single: .NET 8.0              -> 1 outlier  was  removed (203.84 μs)
  SaveRepositoryBenchmarks.Save_Then_Load_Roundtrip: .NET 8.0 -> 1 outlier  was  detected (410.74 μs)
  SaveRepositoryBenchmarks.LoadMostRecent: .NET 8.0           -> 1 outlier  was  removed, 2 outliers were detected (586.17 μs, 650.39 μs)
  SaveRepositoryBenchmarks.Save_Single: .NET 8.0              -> 1 outlier  was  removed (209.60 μs)
  SaveRepositoryBenchmarks.Save_Then_Load_Roundtrip: .NET 8.0 -> 1 outlier  was  removed (903.82 μs)
  SaveRepositoryBenchmarks.HasAnySave: .NET 8.0               -> 1 outlier  was  removed (60.04 μs)
  SaveRepositoryBenchmarks.HasAnySave: .NET 8.0               -> 1 outlier  was  removed (70.39 μs)

// * Legends *
  SaveFileCount : Value of the 'SaveFileCount' parameter
  Mean          : Arithmetic mean of all measurements
  Error         : Half of 99.9% confidence interval
  StdDev        : Standard deviation of all measurements
  Ratio         : Mean of the ratio distribution ([Current]/[Baseline])
  RatioSD       : Standard deviation of the ratio distribution ([Current]/[Baseline])
  Gen0          : GC Generation 0 collects per 1000 operations
  Allocated     : Allocated memory per single operation (managed only, inclusive, 1KB = 1024B)
  Alloc Ratio   : Allocated memory ratio distribution ([Current]/[Baseline])
  1 μs          : 1 Microsecond (0.000001 sec)

// * Diagnostic Output - MemoryDiagnoser *


// ***** BenchmarkRunner: End *****
Run time: 00:09:01 (541.44 sec), executed benchmarks: 16

Global total time: 00:18:27 (1107.53 sec), executed benchmarks: 32
// * Artifacts cleanup *
Artifacts cleanup is finished
